7z	/usr/share/man/man1/7z.1.gz
awk	/usr/share/man/man1/gawk.1.gz
chgrp	/usr/share/man/man1/rust-chgrp.1.gz
chmod	/usr/share/man/man1/rust-chmod.1.gz
chown	/usr/share/man/man1/rust-chown.1.gz
clone	/usr/share/man/man2/clone.2.gz
cp	/usr/share/man/man1/gnucp.1.gz
curl	/usr/share/man/man1/curl.1.gz
dd	/usr/share/man/man1/rust-dd.1.gz
dmesg	/usr/share/man/man1/dmesg.1.gz
docker	/usr/share/man/man1/docker.1.gz
find	/usr/share/man/man1/find.1.gz
ftp	/usr/share/man/man1/tnftp.1.gz
gawk	/usr/share/man/man1/gawk.1.gz
gh	/usr/share/man/man1/gh.1
git	/usr/share/man/man1/git.1.gz
gzip	/usr/share/man/man1/gzip.1.gz
htop	/usr/share/man/man1/htop.1.gz
install	/usr/share/man/man1/rust-install.1.gz
journalctl	/usr/share/man/man1/journalctl.1.gz
ln	/usr/share/man/man1/rust-ln.1.gz
lsof	/usr/share/man/man8/lsof.8.gz
mawk	/usr/share/man/man1/mawk.1.gz
mkdir	/usr/share/man/man1/rust-mkdir.1.gz
mount	/usr/share/man/man8/mount.8.gz
mv	/usr/share/man/man1/gnumv.1.gz
nawk	/usr/share/man/man1/gawk.1.gz
nc	/usr/share/man/man1/nc_openbsd.1.gz
netcat	/usr/share/man/man1/nc_openbsd.1.gz
patch	/usr/share/man/man1/patch.1.gz
pgrep	/usr/share/man/man1/pgrep.1.gz
pidof	/usr/share/man/man8/pidof.8.gz
pkexec	/usr/share/man/man1/pkexec.1.gz
ps	/usr/share/man/man1/ps.1.gz
rm	/usr/share/man/man1/gnurm.1.gz
rmdir	/usr/share/man/man1/rust-rmdir.1.gz
rsync	/usr/share/man/man1/rsync.1.gz
runuser	/usr/share/man/man1/runuser.1.gz
scp	/usr/share/man/man1/scp.1.gz
sed	/usr/share/man/man1/sed.1.gz
setcap	/usr/share/man/man8/setcap.8.gz
setfacl	/usr/share/man/man1/setfacl.1.gz
sftp	/usr/share/man/man1/sftp.1.gz
shred	/usr/share/man/man1/rust-shred.1.gz
socat	/usr/share/man/man1/socat1.1.gz
ssh	/usr/share/man/man1/ssh.1.gz
ssh-add	/usr/share/man/man1/ssh-add.1.gz
ssh-agent	/usr/share/man/man1/ssh-agent.1.gz
su	/usr/share/man/man1/su.1.gz
sudo	/usr/share/man/man8/sudo-rs.8.gz
tar	/usr/share/man/man1/tar.1.gz
tee	/usr/share/man/man1/rust-tee.1.gz
telnet	/usr/share/man/man1/inetutils-telnet.1.gz
top	/usr/share/man/man1/top.1.gz
touch	/usr/share/man/man1/rust-touch.1.gz
truncate	/usr/share/man/man1/rust-truncate.1.gz
umount	/usr/share/man/man8/umount.8.gz
unlink	/usr/share/man/man1/rust-unlink.1.gz
unzip	/usr/share/man/man1/unzip.1.gz
wget	/usr/share/man/man1/wget.1.gz
xz	/usr/share/man/man1/xz.1.gz
zip	/usr/share/man/man1/zip.1.gz
zstd	/usr/share/man/man1/zstd.1.gz
3cpio	/usr/share/man/man1/3cpio.1.gz
411toppm	/usr/share/man/man1/411toppm.1.gz
CA.pl	/usr/share/man/man1/CA.pl.1ssl.gz
FileCheck-21	/usr/share/man/man1/FileCheck-21.1.gz
JxrDecApp	/usr/share/man/man1/JxrDecApp.1.gz
JxrEncApp	/usr/share/man/man1/JxrEncApp.1.gz
Xmark	/usr/share/man/man1/Xmark.1.gz
Xorg	/usr/share/man/man1/Xorg.1.gz
Xorg.wrap	/usr/share/man/man1/Xorg.wrap.1.gz
Xserver	/usr/share/man/man1/Xserver.1.gz
aa-enabled	/usr/share/man/man1/aa-enabled.1.gz
aa-exec	/usr/share/man/man1/aa-exec.1.gz
aa-features-abi	/usr/share/man/man1/aa-features-abi.1.gz
aclocal-1.18	/usr/share/man/man1/aclocal-1.18.1.gz
aconnect	/usr/share/man/man1/aconnect.1.gz
add-apt-repository	/usr/share/man/man1/add-apt-repository.1.gz
addr2line	/usr/share/man/man1/addr2line.1.gz
airscan-discover	/usr/share/man/man1/airscan-discover.1.gz
alacritty-msg	/usr/share/man/man1/alacritty-msg.1.gz
alacritty	/usr/share/man/man1/alacritty.1.gz
alsabat	/usr/share/man/man1/alsabat.1.gz
alsactl	/usr/share/man/man1/alsactl.1.gz
alsaloop	/usr/share/man/man1/alsaloop.1.gz
alsamixer	/usr/share/man/man1/alsamixer.1.gz
alsatplg	/usr/share/man/man1/alsatplg.1.gz
alsaucm	/usr/share/man/man1/alsaucm.1.gz
amidi	/usr/share/man/man1/amidi.1.gz
amixer	/usr/share/man/man1/amixer.1.gz
anytopnm	/usr/share/man/man1/anytopnm.1.gz
aplay	/usr/share/man/man1/aplay.1.gz
aplaymidi	/usr/share/man/man1/aplaymidi.1.gz
aplaymidi2	/usr/share/man/man1/aplaymidi2.1.gz
apport-bug	/usr/share/man/man1/apport-bug.1.gz
apport-cli	/usr/share/man/man1/apport-cli.1.gz
apport-unpack	/usr/share/man/man1/apport-unpack.1.gz
appres	/usr/share/man/man1/appres.1.gz
appstreamcli	/usr/share/man/man1/appstreamcli.1.gz
apropos	/usr/share/man/man1/apropos.1.gz
apt-transport-http	/usr/share/man/man1/apt-transport-http.1.gz
apt-transport-https	/usr/share/man/man1/apt-transport-https.1.gz
apt-transport-mirror	/usr/share/man/man1/apt-transport-mirror.1.gz
aptitude-create-state-bundle	/usr/share/man/man1/aptitude-create-state-bundle.1.gz
aptitude-run-state-bundle	/usr/share/man/man1/aptitude-run-state-bundle.1.gz
ar	/usr/share/man/man1/ar.1.gz
arecordmidi	/usr/share/man/man1/arecordmidi.1.gz
arecordmidi2	/usr/share/man/man1/arecordmidi2.1.gz
arm2hpdl	/usr/share/man/man1/arm2hpdl.1.gz
as	/usr/share/man/man1/as.1.gz
asciitopgm	/usr/share/man/man1/asciitopgm.1.gz
aseqdump	/usr/share/man/man1/aseqdump.1.gz
aseqnet	/usr/share/man/man1/aseqnet.1.gz
aseqsend	/usr/share/man/man1/aseqsend.1.gz
aspell-import	/usr/share/man/man1/aspell-import.1.gz
aspell	/usr/share/man/man1/aspell.1.gz
atktopbm	/usr/share/man/man1/atktopbm.1.gz
autoconf	/usr/share/man/man1/autoconf.1.gz
autoheader	/usr/share/man/man1/autoheader.1.gz
autom4te	/usr/share/man/man1/autom4te.1.gz
automake-1.18	/usr/share/man/man1/automake-1.18.1.gz
autoreconf	/usr/share/man/man1/autoreconf.1.gz
autoscan	/usr/share/man/man1/autoscan.1.gz
autoupdate	/usr/share/man/man1/autoupdate.1.gz
avahi-browse	/usr/share/man/man1/avahi-browse.1.gz
avahi-publish	/usr/share/man/man1/avahi-publish.1.gz
avahi-resolve	/usr/share/man/man1/avahi-resolve.1.gz
avahi-set-host-name	/usr/share/man/man1/avahi-set-host-name.1.gz
avstopam	/usr/share/man/man1/avstopam.1.gz
axfer-list	/usr/share/man/man1/axfer-list.1.gz
axfer-transfer	/usr/share/man/man1/axfer-transfer.1.gz
axfer	/usr/share/man/man1/axfer.1.gz
bash	/usr/share/man/man1/bash.1.gz
bashbug	/usr/share/man/man1/bashbug.1.gz
bc	/usr/share/man/man1/bc.1.gz
bdftopcf	/usr/share/man/man1/bdftopcf.1.gz
bdftruncate	/usr/share/man/man1/bdftruncate.1.gz
bioradtopgm	/usr/share/man/man1/bioradtopgm.1.gz
bison	/usr/share/man/man1/bison.1.gz
bison.yacc	/usr/share/man/man1/bison.yacc.1.gz
bitmap	/usr/share/man/man1/bitmap.1.gz
bits	/usr/share/man/man1/bits.1.gz
blueman-adapters	/usr/share/man/man1/blueman-adapters.1.gz
blueman-applet	/usr/share/man/man1/blueman-applet.1.gz
blueman-manager	/usr/share/man/man1/blueman-manager.1.gz
blueman-sendto	/usr/share/man/man1/blueman-sendto.1.gz
blueman-services	/usr/share/man/man1/blueman-services.1.gz
blueman-tray	/usr/share/man/man1/blueman-tray.1.gz
bluemoon	/usr/share/man/man1/bluemoon.1.gz
bluetoothctl-admin	/usr/share/man/man1/bluetoothctl-admin.1.gz
bluetoothctl-advertise	/usr/share/man/man1/bluetoothctl-advertise.1.gz
bluetoothctl-assistant	/usr/share/man/man1/bluetoothctl-assistant.1.gz
bluetoothctl-endpoint	/usr/share/man/man1/bluetoothctl-endpoint.1.gz
bluetoothctl-gatt	/usr/share/man/man1/bluetoothctl-gatt.1.gz
bluetoothctl-hci	/usr/share/man/man1/bluetoothctl-hci.1.gz
bluetoothctl-mgmt	/usr/share/man/man1/bluetoothctl-mgmt.1.gz
bluetoothctl-monitor	/usr/share/man/man1/bluetoothctl-monitor.1.gz
bluetoothctl-player	/usr/share/man/man1/bluetoothctl-player.1.gz
bluetoothctl-scan	/usr/share/man/man1/bluetoothctl-scan.1.gz
bluetoothctl-transport	/usr/share/man/man1/bluetoothctl-transport.1.gz
bluetoothctl	/usr/share/man/man1/bluetoothctl.1.gz
bmptopnm	/usr/share/man/man1/bmptopnm.1.gz
bmptoppm	/usr/share/man/man1/bmptoppm.1.gz
boltctl	/usr/share/man/man1/boltctl.1.gz
broadwayd	/usr/share/man/man1/broadwayd.1.gz
brushtopbm	/usr/share/man/man1/brushtopbm.1.gz
btattach	/usr/share/man/man1/btattach.1.gz
btmgmt	/usr/share/man/man1/btmgmt.1.gz
btmon	/usr/share/man/man1/btmon.1.gz
bugpoint-21	/usr/share/man/man1/bugpoint-21.1.gz
busctl	/usr/share/man/man1/busctl.1.gz
bwrap	/usr/share/man/man1/bwrap.1.gz
byobu-config	/usr/share/man/man1/byobu-config.1.gz
byobu-ctrl-a	/usr/share/man/man1/byobu-ctrl-a.1.gz
byobu-enable	/usr/share/man/man1/byobu-enable.1.gz
byobu-export	/usr/share/man/man1/byobu-export.1.gz
byobu-janitor	/usr/share/man/man1/byobu-janitor.1.gz
byobu-keybindings	/usr/share/man/man1/byobu-keybindings.1.gz
byobu-launcher-install	/usr/share/man/man1/byobu-launcher-install.1.gz
byobu-launcher-uninstall	/usr/share/man/man1/byobu-launcher-uninstall.1.gz
byobu-launcher	/usr/share/man/man1/byobu-launcher.1.gz
byobu-layout	/usr/share/man/man1/byobu-layout.1.gz
byobu-prompt	/usr/share/man/man1/byobu-prompt.1.gz
byobu-quiet	/usr/share/man/man1/byobu-quiet.1.gz
byobu-reconnect-sockets	/usr/share/man/man1/byobu-reconnect-sockets.1.gz
byobu-screen	/usr/share/man/man1/byobu-screen.1.gz
byobu-select-backend	/usr/share/man/man1/byobu-select-backend.1.gz
byobu-select-profile	/usr/share/man/man1/byobu-select-profile.1.gz
byobu-select-session	/usr/share/man/man1/byobu-select-session.1.gz
byobu-shell	/usr/share/man/man1/byobu-shell.1.gz
byobu-silent	/usr/share/man/man1/byobu-silent.1.gz
byobu-status-detail	/usr/share/man/man1/byobu-status-detail.1.gz
byobu-status	/usr/share/man/man1/byobu-status.1.gz
byobu-tmux	/usr/share/man/man1/byobu-tmux.1.gz
byobu-ugraph	/usr/share/man/man1/byobu-ugraph.1.gz
byobu-ulevel	/usr/share/man/man1/byobu-ulevel.1.gz
byobu	/usr/share/man/man1/byobu.1.gz
bzdiff	/usr/share/man/man1/bzdiff.1.gz
bzexe	/usr/share/man/man1/bzexe.1.gz
bzgrep	/usr/share/man/man1/bzgrep.1.gz
bzip2	/usr/share/man/man1/bzip2.1.gz
bzmore	/usr/share/man/man1/bzmore.1.gz
c++filt	/usr/share/man/man1/c++filt.1.gz
c89-gcc	/usr/share/man/man1/c89-gcc.1.gz
c99-gcc	/usr/share/man/man1/c99-gcc.1.gz
cameratopam	/usr/share/man/man1/cameratopam.1.gz
cancel	/usr/share/man/man1/cancel.1.gz
capsh	/usr/share/man/man1/capsh.1.gz
captoinfo	/usr/share/man/man1/captoinfo.1.gz
cd-create-profile	/usr/share/man/man1/cd-create-profile.1.gz
cd-fix-profile	/usr/share/man/man1/cd-fix-profile.1.gz
cd-it8	/usr/share/man/man1/cd-it8.1.gz
chacl	/usr/share/man/man1/chacl.1.gz
chage	/usr/share/man/man1/chage.1.gz
chardet	/usr/share/man/man1/chardet.1.gz
chattr	/usr/share/man/man1/chattr.1.gz
check-language-support	/usr/share/man/man1/check-language-support.1.gz
chfn	/usr/share/man/man1/chfn.1.gz
choom	/usr/share/man/man1/choom.1.gz
chronyc	/usr/share/man/man1/chronyc.1.gz
chrt	/usr/share/man/man1/chrt.1.gz
chsh	/usr/share/man/man1/chsh.1.gz
chvt	/usr/share/man/man1/chvt.1.gz
cifsiostat	/usr/share/man/man1/cifsiostat.1.gz
ciptool	/usr/share/man/man1/ciptool.1.gz
cistopbm	/usr/share/man/man1/cistopbm.1.gz
cjpeg	/usr/share/man/man1/cjpeg.1.gz
ckbcomp	/usr/share/man/man1/ckbcomp.1.gz
clang-21	/usr/share/man/man1/clang-21.1.gz
clang-apply-replacements-21	/usr/share/man/man1/clang-apply-replacements-21.1.gz
clang-check-21	/usr/share/man/man1/clang-check-21.1.gz
clang-include-fixer-21	/usr/share/man/man1/clang-include-fixer-21.1.gz
clang-query-21	/usr/share/man/man1/clang-query-21.1.gz
clang-reorder-fields-21	/usr/share/man/man1/clang-reorder-fields-21.1.gz
clang-repl-21	/usr/share/man/man1/clang-repl-21.1.gz
clang-tblgen-21	/usr/share/man/man1/clang-tblgen-21.1.gz
clear	/usr/share/man/man1/clear.1.gz
clear_console	/usr/share/man/man1/clear_console.1.gz
cloud-id	/usr/share/man/man1/cloud-id.1.gz
cloud-init-per	/usr/share/man/man1/cloud-init-per.1.gz
cloud-init	/usr/share/man/man1/cloud-init.1.gz
cmake	/usr/share/man/man1/cmake.1.gz
cmp	/usr/share/man/man1/cmp.1.gz
cmuwmtopbm	/usr/share/man/man1/cmuwmtopbm.1.gz
codepage	/usr/share/man/man1/codepage.1.gz
col	/usr/share/man/man1/col.1.gz
col1	/usr/share/man/man1/col1.1.gz
colcrt	/usr/share/man/man1/colcrt.1.gz
colormgr	/usr/share/man/man1/colormgr.1.gz
colrm	/usr/share/man/man1/colrm.1.gz
column	/usr/share/man/man1/column.1.gz
compile_et	/usr/share/man/man1/compile_et.1.gz
config.guess	/usr/share/man/man1/config.guess.1.gz
config.sub	/usr/share/man/man1/config.sub.1.gz
corelist	/usr/share/man/man1/corelist.1.gz
coresched	/usr/share/man/man1/coresched.1.gz
cpack	/usr/share/man/man1/cpack.1.gz
cpan	/usr/share/man/man1/cpan.1.gz
cpan5.40-x86_64-linux-gnu	/usr/share/man/man1/cpan5.40-x86_64-linux-gnu.1.gz
cpio	/usr/share/man/man1/cpio.1.gz
cpupower-frequency-info	/usr/share/man/man1/cpupower-frequency-info.1.gz
cpupower-frequency-set	/usr/share/man/man1/cpupower-frequency-set.1.gz
cpupower-idle-info	/usr/share/man/man1/cpupower-idle-info.1.gz
cpupower-idle-set	/usr/share/man/man1/cpupower-idle-set.1.gz
cpupower-info	/usr/share/man/man1/cpupower-info.1.gz
cpupower-monitor	/usr/share/man/man1/cpupower-monitor.1.gz
cpupower-powercap-info	/usr/share/man/man1/cpupower-powercap-info.1.gz
cpupower-set	/usr/share/man/man1/cpupower-set.1.gz
cpupower	/usr/share/man/man1/cpupower.1.gz
crontab	/usr/share/man/man1/crontab.1.gz
ctail	/usr/share/man/man1/ctail.1.gz
ctest	/usr/share/man/man1/ctest.1.gz
cups	/usr/share/man/man1/cups.1.gz
cupstestppd	/usr/share/man/man1/cupstestppd.1.gz
curl-config	/usr/share/man/man1/curl-config.1.gz
cvt	/usr/share/man/man1/cvt.1.gz
cvtsudoers.ws	/usr/share/man/man1/cvtsudoers.ws.1.gz
dasbus	/usr/share/man/man1/dasbus.1.gz
dash	/usr/share/man/man1/dash.1.gz
dbclient	/usr/share/man/man1/dbclient.1.gz
dbus-cleanup-sockets	/usr/share/man/man1/dbus-cleanup-sockets.1.gz
dbus-daemon	/usr/share/man/man1/dbus-daemon.1.gz
dbus-launch	/usr/share/man/man1/dbus-launch.1.gz
dbus-monitor	/usr/share/man/man1/dbus-monitor.1.gz
dbus-run-session	/usr/share/man/man1/dbus-run-session.1.gz
dbus-send	/usr/share/man/man1/dbus-send.1.gz
dbus-update-activation-environment	/usr/share/man/man1/dbus-update-activation-environment.1.gz
dbus-uuidgen	/usr/share/man/man1/dbus-uuidgen.1.gz
dbxtool	/usr/share/man/man1/dbxtool.1.gz
dc	/usr/share/man/man1/dc.1.gz
dconf-service	/usr/share/man/man1/dconf-service.1.gz
ddbugtopbm	/usr/share/man/man1/ddbugtopbm.1.gz
ddstdecode	/usr/share/man/man1/ddstdecode.1.gz
deallocvt	/usr/share/man/man1/deallocvt.1.gz
deb-systemd-helper	/usr/share/man/man1/deb-systemd-helper.1p.gz
deb-systemd-invoke	/usr/share/man/man1/deb-systemd-invoke.1p.gz
debconf-apt-progress	/usr/share/man/man1/debconf-apt-progress.1.gz
debconf-communicate	/usr/share/man/man1/debconf-communicate.1.gz
debconf-copydb	/usr/share/man/man1/debconf-copydb.1.gz
debconf-escape	/usr/share/man/man1/debconf-escape.1.gz
debconf-set-selections	/usr/share/man/man1/debconf-set-selections.1.gz
debconf-show	/usr/share/man/man1/debconf-show.1.gz
debconf	/usr/share/man/man1/debconf.1.gz
debian-distro-info	/usr/share/man/man1/debian-distro-info.1.gz
decodemail	/usr/share/man/man1/decodemail.1.gz
delv	/usr/share/man/man1/delv.1.gz
derb	/usr/share/man/man1/derb.1.gz
desktop-file-edit	/usr/share/man/man1/desktop-file-edit.1.gz
desktop-file-install	/usr/share/man/man1/desktop-file-install.1.gz
desktop-file-validate	/usr/share/man/man1/desktop-file-validate.1.gz
dh_autotools-dev_restoreconfig	/usr/share/man/man1/dh_autotools-dev_restoreconfig.1.gz
dh_autotools-dev_updateconfig	/usr/share/man/man1/dh_autotools-dev_updateconfig.1.gz
dh_bash-completion	/usr/share/man/man1/dh_bash-completion.1.gz
dh_installtex	/usr/share/man/man1/dh_installtex.1.gz
dh_installxmlcatalogs	/usr/share/man/man1/dh_installxmlcatalogs.1.gz
dh_perl_openssl	/usr/share/man/man1/dh_perl_openssl.1.gz
diff	/usr/share/man/man1/diff.1.gz
diff3	/usr/share/man/man1/diff3.1.gz
diffman-git	/usr/share/man/man1/diffman-git.1.gz
dig	/usr/share/man/man1/dig.1.gz
dirmngr-client	/usr/share/man/man1/dirmngr-client.1.gz
dirsplit	/usr/share/man/man1/dirsplit.1.gz
distro-info	/usr/share/man/man1/distro-info.1.gz
djpeg	/usr/share/man/man1/djpeg.1.gz
docker-attach	/usr/share/man/man1/docker-attach.1.gz
docker-bake	/usr/share/man/man1/docker-bake.1.gz
docker-build	/usr/share/man/man1/docker-build.1.gz
docker-builder-build	/usr/share/man/man1/docker-builder-build.1.gz
docker-builder-prune	/usr/share/man/man1/docker-builder-prune.1.gz
docker-builder	/usr/share/man/man1/docker-builder.1.gz
docker-checkpoint-create	/usr/share/man/man1/docker-checkpoint-create.1.gz
docker-checkpoint-ls	/usr/share/man/man1/docker-checkpoint-ls.1.gz
docker-checkpoint-rm	/usr/share/man/man1/docker-checkpoint-rm.1.gz
docker-checkpoint	/usr/share/man/man1/docker-checkpoint.1.gz
docker-commit	/usr/share/man/man1/docker-commit.1.gz
docker-config-create	/usr/share/man/man1/docker-config-create.1.gz
docker-config-inspect	/usr/share/man/man1/docker-config-inspect.1.gz
docker-config-ls	/usr/share/man/man1/docker-config-ls.1.gz
docker-config-rm	/usr/share/man/man1/docker-config-rm.1.gz
docker-config	/usr/share/man/man1/docker-config.1.gz
docker-container-attach	/usr/share/man/man1/docker-container-attach.1.gz
docker-container-commit	/usr/share/man/man1/docker-container-commit.1.gz
docker-container-cp	/usr/share/man/man1/docker-container-cp.1.gz
docker-container-create	/usr/share/man/man1/docker-container-create.1.gz
docker-container-diff	/usr/share/man/man1/docker-container-diff.1.gz
docker-container-exec	/usr/share/man/man1/docker-container-exec.1.gz
docker-container-export	/usr/share/man/man1/docker-container-export.1.gz
docker-container-inspect	/usr/share/man/man1/docker-container-inspect.1.gz
docker-container-kill	/usr/share/man/man1/docker-container-kill.1.gz
docker-container-logs	/usr/share/man/man1/docker-container-logs.1.gz
docker-container-ls	/usr/share/man/man1/docker-container-ls.1.gz
docker-container-pause	/usr/share/man/man1/docker-container-pause.1.gz
docker-container-port	/usr/share/man/man1/docker-container-port.1.gz
docker-container-prune	/usr/share/man/man1/docker-container-prune.1.gz
docker-container-rename	/usr/share/man/man1/docker-container-rename.1.gz
docker-container-restart	/usr/share/man/man1/docker-container-restart.1.gz
docker-container-rm	/usr/share/man/man1/docker-container-rm.1.gz
docker-container-run	/usr/share/man/man1/docker-container-run.1.gz
docker-container-start	/usr/share/man/man1/docker-container-start.1.gz
docker-container-stats	/usr/share/man/man1/docker-container-stats.1.gz
docker-container-stop	/usr/share/man/man1/docker-container-stop.1.gz
docker-container-top	/usr/share/man/man1/docker-container-top.1.gz
docker-container-unpause	/usr/share/man/man1/docker-container-unpause.1.gz
docker-container-update	/usr/share/man/man1/docker-container-update.1.gz
docker-container-wait	/usr/share/man/man1/docker-container-wait.1.gz
docker-container	/usr/share/man/man1/docker-container.1.gz
docker-context-create	/usr/share/man/man1/docker-context-create.1.gz
docker-context-export	/usr/share/man/man1/docker-context-export.1.gz
docker-context-import	/usr/share/man/man1/docker-context-import.1.gz
docker-context-inspect	/usr/share/man/man1/docker-context-inspect.1.gz
docker-context-ls	/usr/share/man/man1/docker-context-ls.1.gz
docker-context-rm	/usr/share/man/man1/docker-context-rm.1.gz
docker-context-show	/usr/share/man/man1/docker-context-show.1.gz
docker-context-update	/usr/share/man/man1/docker-context-update.1.gz
docker-context-use	/usr/share/man/man1/docker-context-use.1.gz
docker-context	/usr/share/man/man1/docker-context.1.gz
docker-cp	/usr/share/man/man1/docker-cp.1.gz
docker-create	/usr/share/man/man1/docker-create.1.gz
docker-diff	/usr/share/man/man1/docker-diff.1.gz
docker-events	/usr/share/man/man1/docker-events.1.gz
docker-exec	/usr/share/man/man1/docker-exec.1.gz
docker-export	/usr/share/man/man1/docker-export.1.gz
docker-history	/usr/share/man/man1/docker-history.1.gz
docker-image-build	/usr/share/man/man1/docker-image-build.1.gz
docker-image-history	/usr/share/man/man1/docker-image-history.1.gz
docker-image-import	/usr/share/man/man1/docker-image-import.1.gz
docker-image-inspect	/usr/share/man/man1/docker-image-inspect.1.gz
docker-image-load	/usr/share/man/man1/docker-image-load.1.gz
docker-image-ls	/usr/share/man/man1/docker-image-ls.1.gz
docker-image-prune	/usr/share/man/man1/docker-image-prune.1.gz
docker-image-pull	/usr/share/man/man1/docker-image-pull.1.gz
docker-image-push	/usr/share/man/man1/docker-image-push.1.gz
docker-image-rm	/usr/share/man/man1/docker-image-rm.1.gz
docker-image-save	/usr/share/man/man1/docker-image-save.1.gz
docker-image-tag	/usr/share/man/man1/docker-image-tag.1.gz
docker-image	/usr/share/man/man1/docker-image.1.gz
docker-images	/usr/share/man/man1/docker-images.1.gz
docker-import	/usr/share/man/man1/docker-import.1.gz
docker-info	/usr/share/man/man1/docker-info.1.gz
docker-inspect	/usr/share/man/man1/docker-inspect.1.gz
docker-kill	/usr/share/man/man1/docker-kill.1.gz
docker-load	/usr/share/man/man1/docker-load.1.gz
docker-login	/usr/share/man/man1/docker-login.1.gz
docker-logout	/usr/share/man/man1/docker-logout.1.gz
docker-logs	/usr/share/man/man1/docker-logs.1.gz
docker-manifest-annotate	/usr/share/man/man1/docker-manifest-annotate.1.gz
docker-manifest-create	/usr/share/man/man1/docker-manifest-create.1.gz
docker-manifest-inspect	/usr/share/man/man1/docker-manifest-inspect.1.gz
docker-manifest-push	/usr/share/man/man1/docker-manifest-push.1.gz
docker-manifest-rm	/usr/share/man/man1/docker-manifest-rm.1.gz
docker-manifest	/usr/share/man/man1/docker-manifest.1.gz
docker-network-connect	/usr/share/man/man1/docker-network-connect.1.gz
docker-network-create	/usr/share/man/man1/docker-network-create.1.gz
docker-network-disconnect	/usr/share/man/man1/docker-network-disconnect.1.gz
docker-network-inspect	/usr/share/man/man1/docker-network-inspect.1.gz
docker-network-ls	/usr/share/man/man1/docker-network-ls.1.gz
docker-network-prune	/usr/share/man/man1/docker-network-prune.1.gz
docker-network-rm	/usr/share/man/man1/docker-network-rm.1.gz
docker-network	/usr/share/man/man1/docker-network.1.gz
docker-node-demote	/usr/share/man/man1/docker-node-demote.1.gz
docker-node-inspect	/usr/share/man/man1/docker-node-inspect.1.gz
docker-node-ls	/usr/share/man/man1/docker-node-ls.1.gz
docker-node-promote	/usr/share/man/man1/docker-node-promote.1.gz
docker-node-ps	/usr/share/man/man1/docker-node-ps.1.gz
docker-node-rm	/usr/share/man/man1/docker-node-rm.1.gz
docker-node-update	/usr/share/man/man1/docker-node-update.1.gz
docker-node	/usr/share/man/man1/docker-node.1.gz
docker-pause	/usr/share/man/man1/docker-pause.1.gz
docker-plugin-create	/usr/share/man/man1/docker-plugin-create.1.gz
docker-plugin-disable	/usr/share/man/man1/docker-plugin-disable.1.gz
docker-plugin-enable	/usr/share/man/man1/docker-plugin-enable.1.gz
docker-plugin-inspect	/usr/share/man/man1/docker-plugin-inspect.1.gz
docker-plugin-install	/usr/share/man/man1/docker-plugin-install.1.gz
docker-plugin-ls	/usr/share/man/man1/docker-plugin-ls.1.gz
docker-plugin-push	/usr/share/man/man1/docker-plugin-push.1.gz
docker-plugin-rm	/usr/share/man/man1/docker-plugin-rm.1.gz
docker-plugin-set	/usr/share/man/man1/docker-plugin-set.1.gz
docker-plugin-upgrade	/usr/share/man/man1/docker-plugin-upgrade.1.gz
docker-plugin	/usr/share/man/man1/docker-plugin.1.gz
docker-port	/usr/share/man/man1/docker-port.1.gz
docker-ps	/usr/share/man/man1/docker-ps.1.gz
docker-pull	/usr/share/man/man1/docker-pull.1.gz
docker-push	/usr/share/man/man1/docker-push.1.gz
docker-rename	/usr/share/man/man1/docker-rename.1.gz
docker-restart	/usr/share/man/man1/docker-restart.1.gz
docker-rm	/usr/share/man/man1/docker-rm.1.gz
docker-rmi	/usr/share/man/man1/docker-rmi.1.gz
docker-run	/usr/share/man/man1/docker-run.1.gz
docker-save	/usr/share/man/man1/docker-save.1.gz
docker-search	/usr/share/man/man1/docker-search.1.gz
docker-secret-create	/usr/share/man/man1/docker-secret-create.1.gz
docker-secret-inspect	/usr/share/man/man1/docker-secret-inspect.1.gz
docker-secret-ls	/usr/share/man/man1/docker-secret-ls.1.gz
docker-secret-rm	/usr/share/man/man1/docker-secret-rm.1.gz
docker-secret	/usr/share/man/man1/docker-secret.1.gz
docker-service-create	/usr/share/man/man1/docker-service-create.1.gz
docker-service-inspect	/usr/share/man/man1/docker-service-inspect.1.gz
docker-service-logs	/usr/share/man/man1/docker-service-logs.1.gz
docker-service-ls	/usr/share/man/man1/docker-service-ls.1.gz
docker-service-ps	/usr/share/man/man1/docker-service-ps.1.gz
docker-service-rm	/usr/share/man/man1/docker-service-rm.1.gz
docker-service-rollback	/usr/share/man/man1/docker-service-rollback.1.gz
docker-service-scale	/usr/share/man/man1/docker-service-scale.1.gz
docker-service-update	/usr/share/man/man1/docker-service-update.1.gz
docker-service	/usr/share/man/man1/docker-service.1.gz
docker-stack-config	/usr/share/man/man1/docker-stack-config.1.gz
docker-stack-deploy	/usr/share/man/man1/docker-stack-deploy.1.gz
docker-stack-ls	/usr/share/man/man1/docker-stack-ls.1.gz
docker-stack-ps	/usr/share/man/man1/docker-stack-ps.1.gz
docker-stack-rm	/usr/share/man/man1/docker-stack-rm.1.gz
docker-stack-services	/usr/share/man/man1/docker-stack-services.1.gz
docker-stack	/usr/share/man/man1/docker-stack.1.gz
docker-start	/usr/share/man/man1/docker-start.1.gz
docker-stats	/usr/share/man/man1/docker-stats.1.gz
docker-stop	/usr/share/man/man1/docker-stop.1.gz
docker-swarm-ca	/usr/share/man/man1/docker-swarm-ca.1.gz
docker-swarm-init	/usr/share/man/man1/docker-swarm-init.1.gz
docker-swarm-join-token	/usr/share/man/man1/docker-swarm-join-token.1.gz
docker-swarm-join	/usr/share/man/man1/docker-swarm-join.1.gz
docker-swarm-leave	/usr/share/man/man1/docker-swarm-leave.1.gz
docker-swarm-unlock-key	/usr/share/man/man1/docker-swarm-unlock-key.1.gz
docker-swarm-unlock	/usr/share/man/man1/docker-swarm-unlock.1.gz
docker-swarm-update	/usr/share/man/man1/docker-swarm-update.1.gz
docker-swarm	/usr/share/man/man1/docker-swarm.1.gz
docker-system-df	/usr/share/man/man1/docker-system-df.1.gz
docker-system-events	/usr/share/man/man1/docker-system-events.1.gz
docker-system-info	/usr/share/man/man1/docker-system-info.1.gz
docker-system-prune	/usr/share/man/man1/docker-system-prune.1.gz
docker-system	/usr/share/man/man1/docker-system.1.gz
docker-tag	/usr/share/man/man1/docker-tag.1.gz
docker-top	/usr/share/man/man1/docker-top.1.gz
docker-trust-inspect	/usr/share/man/man1/docker-trust-inspect.1.gz
docker-trust-key-generate	/usr/share/man/man1/docker-trust-key-generate.1.gz
docker-trust-key-load	/usr/share/man/man1/docker-trust-key-load.1.gz
docker-trust-key	/usr/share/man/man1/docker-trust-key.1.gz
docker-trust-revoke	/usr/share/man/man1/docker-trust-revoke.1.gz
docker-trust-sign	/usr/share/man/man1/docker-trust-sign.1.gz
docker-trust-signer-add	/usr/share/man/man1/docker-trust-signer-add.1.gz
docker-trust-signer-remove	/usr/share/man/man1/docker-trust-signer-remove.1.gz
docker-trust-signer	/usr/share/man/man1/docker-trust-signer.1.gz
docker-trust	/usr/share/man/man1/docker-trust.1.gz
docker-unpause	/usr/share/man/man1/docker-unpause.1.gz
docker-update	/usr/share/man/man1/docker-update.1.gz
docker-version	/usr/share/man/man1/docker-version.1.gz
docker-volume-create	/usr/share/man/man1/docker-volume-create.1.gz
docker-volume-inspect	/usr/share/man/man1/docker-volume-inspect.1.gz
docker-volume-ls	/usr/share/man/man1/docker-volume-ls.1.gz
docker-volume-prune	/usr/share/man/man1/docker-volume-prune.1.gz
docker-volume-rm	/usr/share/man/man1/docker-volume-rm.1.gz
docker-volume-update	/usr/share/man/man1/docker-volume-update.1.gz
docker-volume	/usr/share/man/man1/docker-volume.1.gz
docker-wait	/usr/share/man/man1/docker-wait.1.gz
dotlock.mailutils	/usr/share/man/man1/dotlock.mailutils.1.gz
dpkg-architecture	/usr/share/man/man1/dpkg-architecture.1.gz
dpkg-buildapi	/usr/share/man/man1/dpkg-buildapi.1.gz
dpkg-buildflags	/usr/share/man/man1/dpkg-buildflags.1.gz
dpkg-buildpackage	/usr/share/man/man1/dpkg-buildpackage.1.gz
dpkg-buildtree	/usr/share/man/man1/dpkg-buildtree.1.gz
dpkg-checkbuilddeps	/usr/share/man/man1/dpkg-checkbuilddeps.1.gz
dpkg-deb	/usr/share/man/man1/dpkg-deb.1.gz
dpkg-distaddfile	/usr/share/man/man1/dpkg-distaddfile.1.gz
dpkg-divert	/usr/share/man/man1/dpkg-divert.1.gz
dpkg-genbuildinfo	/usr/share/man/man1/dpkg-genbuildinfo.1.gz
dpkg-genchanges	/usr/share/man/man1/dpkg-genchanges.1.gz
dpkg-gencontrol	/usr/share/man/man1/dpkg-gencontrol.1.gz
dpkg-gensymbols	/usr/share/man/man1/dpkg-gensymbols.1.gz
dpkg-maintscript-helper	/usr/share/man/man1/dpkg-maintscript-helper.1.gz
dpkg-mergechangelogs	/usr/share/man/man1/dpkg-mergechangelogs.1.gz
dpkg-name	/usr/share/man/man1/dpkg-name.1.gz
dpkg-parsechangelog	/usr/share/man/man1/dpkg-parsechangelog.1.gz
dpkg-query	/usr/share/man/man1/dpkg-query.1.gz
dpkg-realpath	/usr/share/man/man1/dpkg-realpath.1.gz
dpkg-scanpackages	/usr/share/man/man1/dpkg-scanpackages.1.gz
dpkg-scansources	/usr/share/man/man1/dpkg-scansources.1.gz
dpkg-shlibdeps	/usr/share/man/man1/dpkg-shlibdeps.1.gz
dpkg-source	/usr/share/man/man1/dpkg-source.1.gz
dpkg-split	/usr/share/man/man1/dpkg-split.1.gz
dpkg-statoverride	/usr/share/man/man1/dpkg-statoverride.1.gz
dpkg-trigger	/usr/share/man/man1/dpkg-trigger.1.gz
dpkg-vendor	/usr/share/man/man1/dpkg-vendor.1.gz
dpkg	/usr/share/man/man1/dpkg.1.gz
driverless	/usr/share/man/man1/driverless.1.gz
dropbearconvert	/usr/share/man/man1/dropbearconvert.1.gz
dropbearkey	/usr/share/man/man1/dropbearkey.1.gz
dsymutil-21	/usr/share/man/man1/dsymutil-21.1.gz
dumpkeys	/usr/share/man/man1/dumpkeys.1.gz
dvipdf	/usr/share/man/man1/dvipdf.1.gz
eatmydata	/usr/share/man/man1/eatmydata.1.gz
ed	/usr/share/man/man1/ed.1.gz
editres	/usr/share/man/man1/editres.1.gz
eject	/usr/share/man/man1/eject.1.gz
elfedit	/usr/share/man/man1/elfedit.1.gz
enc2xs	/usr/share/man/man1/enc2xs.1.gz
encguess	/usr/share/man/man1/encguess.1.gz
enosys	/usr/share/man/man1/enosys.1.gz
envsubst	/usr/share/man/man1/envsubst.1.gz
eqn	/usr/share/man/man1/eqn.1.gz
es2_info	/usr/share/man/man1/es2_info.1.gz
es2gears	/usr/share/man/man1/es2gears.1.gz
es2tri	/usr/share/man/man1/es2tri.1.gz
esc-m	/usr/share/man/man1/esc-m.1.gz
escp2topbm	/usr/share/man/man1/escp2topbm.1.gz
exch	/usr/share/man/man1/exch.1.gz
exifautotran	/usr/share/man/man1/exifautotran.1.gz
expiry	/usr/share/man/man1/expiry.1.gz
eyuvtoppm	/usr/share/man/man1/eyuvtoppm.1.gz
fadvise	/usr/share/man/man1/fadvise.1.gz
faked-sysv	/usr/share/man/man1/faked-sysv.1.gz
faked-tcp	/usr/share/man/man1/faked-tcp.1.gz
fakeroot-sysv	/usr/share/man/man1/fakeroot-sysv.1.gz
fakeroot-tcp	/usr/share/man/man1/fakeroot-tcp.1.gz
fallocate	/usr/share/man/man1/fallocate.1.gz
fastfetch	/usr/share/man/man1/fastfetch.1.gz
faxformat	/usr/share/man/man1/faxformat.1.gz
fc-cache	/usr/share/man/man1/fc-cache.1.gz
fc-cat	/usr/share/man/man1/fc-cat.1.gz
fc-conflist	/usr/share/man/man1/fc-conflist.1.gz
fc-list	/usr/share/man/man1/fc-list.1.gz
fc-match	/usr/share/man/man1/fc-match.1.gz
fc-pattern	/usr/share/man/man1/fc-pattern.1.gz
fc-query	/usr/share/man/man1/fc-query.1.gz
fc-scan	/usr/share/man/man1/fc-scan.1.gz
fc-validate	/usr/share/man/man1/fc-validate.1.gz
ffmpegthumbnailer	/usr/share/man/man1/ffmpegthumbnailer.1.gz
fftw-wisdom-to-conf	/usr/share/man/man1/fftw-wisdom-to-conf.1.gz
fftw-wisdom	/usr/share/man/man1/fftw-wisdom.1.gz
fftwf-wisdom	/usr/share/man/man1/fftwf-wisdom.1.gz
fftwl-wisdom	/usr/share/man/man1/fftwl-wisdom.1.gz
fftwq-wisdom	/usr/share/man/man1/fftwq-wisdom.1.gz
fgconsole	/usr/share/man/man1/fgconsole.1.gz
fiascotopnm	/usr/share/man/man1/fiascotopnm.1.gz
file	/usr/share/man/man1/file.1.gz
file2brl	/usr/share/man/man1/file2brl.1.gz
fincore	/usr/share/man/man1/fincore.1.gz
find-all-symbols-21	/usr/share/man/man1/find-all-symbols-21.1.gz
fio	/usr/share/man/man1/fio.1.gz
fio2gnuplot	/usr/share/man/man1/fio2gnuplot.1.gz
fio_generate_plots	/usr/share/man/man1/fio_generate_plots.1.gz
fitstopnm	/usr/share/man/man1/fitstopnm.1.gz
flex	/usr/share/man/man1/flex.1.gz
flock	/usr/share/man/man1/flock.1.gz
fonttosfnt	/usr/share/man/man1/fonttosfnt.1.gz
foo2ddst-wrapper	/usr/share/man/man1/foo2ddst-wrapper.1.gz
foo2ddst	/usr/share/man/man1/foo2ddst.1.gz
foo2hbpl2-wrapper	/usr/share/man/man1/foo2hbpl2-wrapper.1.gz
foo2hbpl2	/usr/share/man/man1/foo2hbpl2.1.gz
foo2hiperc-wrapper	/usr/share/man/man1/foo2hiperc-wrapper.1.gz
foo2hiperc	/usr/share/man/man1/foo2hiperc.1.gz
foo2hp	/usr/share/man/man1/foo2hp.1.gz
foo2hp2600-wrapper	/usr/share/man/man1/foo2hp2600-wrapper.1.gz
foo2lava-wrapper	/usr/share/man/man1/foo2lava-wrapper.1.gz
foo2lava	/usr/share/man/man1/foo2lava.1.gz
foo2oak-wrapper	/usr/share/man/man1/foo2oak-wrapper.1.gz
foo2oak	/usr/share/man/man1/foo2oak.1.gz
foo2qpdl-wrapper	/usr/share/man/man1/foo2qpdl-wrapper.1.gz
foo2qpdl	/usr/share/man/man1/foo2qpdl.1.gz
foo2slx-wrapper	/usr/share/man/man1/foo2slx-wrapper.1.gz
foo2slx	/usr/share/man/man1/foo2slx.1.gz
foo2xqx-wrapper	/usr/share/man/man1/foo2xqx-wrapper.1.gz
foo2xqx	/usr/share/man/man1/foo2xqx.1.gz
foo2zjs-pstops	/usr/share/man/man1/foo2zjs-pstops.1.gz
foo2zjs-wrapper	/usr/share/man/man1/foo2zjs-wrapper.1.gz
foo2zjs	/usr/share/man/man1/foo2zjs.1.gz
foomatic-rip	/usr/share/man/man1/foomatic-rip.1.gz
free	/usr/share/man/man1/free.1.gz
frm.mailutils	/usr/share/man/man1/frm.mailutils.1.gz
from.mailutils	/usr/share/man/man1/from.mailutils.1.gz
fstopgm	/usr/share/man/man1/fstopgm.1.gz
funzip	/usr/share/man/man1/funzip.1.gz
fuser	/usr/share/man/man1/fuser.1.gz
fusermount3	/usr/share/man/man1/fusermount3.1.gz
fwupdmgr	/usr/share/man/man1/fwupdmgr.1.gz
fwupdtool	/usr/share/man/man1/fwupdtool.1.gz
g3topbm	/usr/share/man/man1/g3topbm.1.gz
galternatives	/usr/share/man/man1/galternatives.1.gz
gamma4scanimage	/usr/share/man/man1/gamma4scanimage.1.gz
gapplication	/usr/share/man/man1/gapplication.1.gz
gatttool	/usr/share/man/man1/gatttool.1.gz
gawkbug	/usr/share/man/man1/gawkbug.1.gz
gdbus-codegen	/usr/share/man/man1/gdbus-codegen.1.gz
gdbus	/usr/share/man/man1/gdbus.1.gz
gdk-pixbuf-csource	/usr/share/man/man1/gdk-pixbuf-csource.1.gz
gdk-pixbuf-pixdata	/usr/share/man/man1/gdk-pixbuf-pixdata.1.gz
gdk-pixbuf-query-loaders	/usr/share/man/man1/gdk-pixbuf-query-loaders.1.gz
gdm-control	/usr/share/man/man1/gdm-control.1.gz
gemtopbm	/usr/share/man/man1/gemtopbm.1.gz
gemtopnm	/usr/share/man/man1/gemtopnm.1.gz
genbrk	/usr/share/man/man1/genbrk.1.gz
gencat	/usr/share/man/man1/gencat.1.gz
gencfu	/usr/share/man/man1/gencfu.1.gz
gencnval	/usr/share/man/man1/gencnval.1.gz
gendict	/usr/share/man/man1/gendict.1.gz
genisoimage	/usr/share/man/man1/genisoimage.1.gz
genrb	/usr/share/man/man1/genrb.1.gz
getconf	/usr/share/man/man1/getconf.1.gz
geteltorito	/usr/share/man/man1/geteltorito.1.gz
getent	/usr/share/man/man1/getent.1.gz
getfacl	/usr/share/man/man1/getfacl.1.gz
getopt	/usr/share/man/man1/getopt.1.gz
gettext	/usr/share/man/man1/gettext.1.gz
gh-agent-task-create	/usr/share/man/man1/gh-agent-task-create.1
gh-agent-task-list	/usr/share/man/man1/gh-agent-task-list.1
gh-agent-task-view	/usr/share/man/man1/gh-agent-task-view.1
gh-agent-task	/usr/share/man/man1/gh-agent-task.1
gh-alias-delete	/usr/share/man/man1/gh-alias-delete.1
gh-alias-import	/usr/share/man/man1/gh-alias-import.1
gh-alias-list	/usr/share/man/man1/gh-alias-list.1
gh-alias-set	/usr/share/man/man1/gh-alias-set.1
gh-alias	/usr/share/man/man1/gh-alias.1
gh-api	/usr/share/man/man1/gh-api.1
gh-attestation-download	/usr/share/man/man1/gh-attestation-download.1
gh-attestation-trusted-root	/usr/share/man/man1/gh-attestation-trusted-root.1
gh-attestation-verify	/usr/share/man/man1/gh-attestation-verify.1
gh-attestation	/usr/share/man/man1/gh-attestation.1
gh-auth-login	/usr/share/man/man1/gh-auth-login.1
gh-auth-logout	/usr/share/man/man1/gh-auth-logout.1
gh-auth-refresh	/usr/share/man/man1/gh-auth-refresh.1
gh-auth-setup-git	/usr/share/man/man1/gh-auth-setup-git.1
gh-auth-status	/usr/share/man/man1/gh-auth-status.1
gh-auth-switch	/usr/share/man/man1/gh-auth-switch.1
gh-auth-token	/usr/share/man/man1/gh-auth-token.1
gh-auth	/usr/share/man/man1/gh-auth.1
gh-browse	/usr/share/man/man1/gh-browse.1
gh-cache-delete	/usr/share/man/man1/gh-cache-delete.1
gh-cache-list	/usr/share/man/man1/gh-cache-list.1
gh-cache	/usr/share/man/man1/gh-cache.1
gh-codespace-code	/usr/share/man/man1/gh-codespace-code.1
gh-codespace-cp	/usr/share/man/man1/gh-codespace-cp.1
gh-codespace-create	/usr/share/man/man1/gh-codespace-create.1
gh-codespace-delete	/usr/share/man/man1/gh-codespace-delete.1
gh-codespace-edit	/usr/share/man/man1/gh-codespace-edit.1
gh-codespace-jupyter	/usr/share/man/man1/gh-codespace-jupyter.1
gh-codespace-list	/usr/share/man/man1/gh-codespace-list.1
gh-codespace-logs	/usr/share/man/man1/gh-codespace-logs.1
gh-codespace-ports-forward	/usr/share/man/man1/gh-codespace-ports-forward.1
gh-codespace-ports-visibility	/usr/share/man/man1/gh-codespace-ports-visibility.1
gh-codespace-ports	/usr/share/man/man1/gh-codespace-ports.1
gh-codespace-rebuild	/usr/share/man/man1/gh-codespace-rebuild.1
gh-codespace-ssh	/usr/share/man/man1/gh-codespace-ssh.1
gh-codespace-stop	/usr/share/man/man1/gh-codespace-stop.1
gh-codespace-view	/usr/share/man/man1/gh-codespace-view.1
gh-codespace	/usr/share/man/man1/gh-codespace.1
gh-completion	/usr/share/man/man1/gh-completion.1
gh-config-clear-cache	/usr/share/man/man1/gh-config-clear-cache.1
gh-config-get	/usr/share/man/man1/gh-config-get.1
gh-config-list	/usr/share/man/man1/gh-config-list.1
gh-config-set	/usr/share/man/man1/gh-config-set.1
gh-config	/usr/share/man/man1/gh-config.1
gh-copilot	/usr/share/man/man1/gh-copilot.1
gh-discussion-comment	/usr/share/man/man1/gh-discussion-comment.1
gh-discussion-create	/usr/share/man/man1/gh-discussion-create.1
gh-discussion-edit	/usr/share/man/man1/gh-discussion-edit.1
gh-discussion-list	/usr/share/man/man1/gh-discussion-list.1
gh-discussion-view	/usr/share/man/man1/gh-discussion-view.1
gh-discussion	/usr/share/man/man1/gh-discussion.1
gh-extension-browse	/usr/share/man/man1/gh-extension-browse.1
gh-extension-create	/usr/share/man/man1/gh-extension-create.1
gh-extension-exec	/usr/share/man/man1/gh-extension-exec.1
gh-extension-install	/usr/share/man/man1/gh-extension-install.1
gh-extension-list	/usr/share/man/man1/gh-extension-list.1
gh-extension-remove	/usr/share/man/man1/gh-extension-remove.1
gh-extension-search	/usr/share/man/man1/gh-extension-search.1
gh-extension-upgrade	/usr/share/man/man1/gh-extension-upgrade.1
gh-extension	/usr/share/man/man1/gh-extension.1
gh-gist-clone	/usr/share/man/man1/gh-gist-clone.1
gh-gist-create	/usr/share/man/man1/gh-gist-create.1
gh-gist-delete	/usr/share/man/man1/gh-gist-delete.1
gh-gist-edit	/usr/share/man/man1/gh-gist-edit.1
gh-gist-list	/usr/share/man/man1/gh-gist-list.1
gh-gist-rename	/usr/share/man/man1/gh-gist-rename.1
gh-gist-view	/usr/share/man/man1/gh-gist-view.1
gh-gist	/usr/share/man/man1/gh-gist.1
gh-gpg-key-add	/usr/share/man/man1/gh-gpg-key-add.1
gh-gpg-key-delete	/usr/share/man/man1/gh-gpg-key-delete.1
gh-gpg-key-list	/usr/share/man/man1/gh-gpg-key-list.1
gh-gpg-key	/usr/share/man/man1/gh-gpg-key.1
gh-issue-close	/usr/share/man/man1/gh-issue-close.1
gh-issue-comment	/usr/share/man/man1/gh-issue-comment.1
gh-issue-create	/usr/share/man/man1/gh-issue-create.1
gh-issue-delete	/usr/share/man/man1/gh-issue-delete.1
gh-issue-develop	/usr/share/man/man1/gh-issue-develop.1
gh-issue-edit	/usr/share/man/man1/gh-issue-edit.1
gh-issue-list	/usr/share/man/man1/gh-issue-list.1
gh-issue-lock	/usr/share/man/man1/gh-issue-lock.1
gh-issue-pin	/usr/share/man/man1/gh-issue-pin.1
gh-issue-reopen	/usr/share/man/man1/gh-issue-reopen.1
gh-issue-status	/usr/share/man/man1/gh-issue-status.1
gh-issue-transfer	/usr/share/man/man1/gh-issue-transfer.1
gh-issue-unlock	/usr/share/man/man1/gh-issue-unlock.1
gh-issue-unpin	/usr/share/man/man1/gh-issue-unpin.1
gh-issue-view	/usr/share/man/man1/gh-issue-view.1
gh-issue	/usr/share/man/man1/gh-issue.1
gh-label-clone	/usr/share/man/man1/gh-label-clone.1
gh-label-create	/usr/share/man/man1/gh-label-create.1
gh-label-delete	/usr/share/man/man1/gh-label-delete.1
gh-label-edit	/usr/share/man/man1/gh-label-edit.1
gh-label-list	/usr/share/man/man1/gh-label-list.1
gh-label	/usr/share/man/man1/gh-label.1
gh-licenses	/usr/share/man/man1/gh-licenses.1
gh-org-list	/usr/share/man/man1/gh-org-list.1
gh-org	/usr/share/man/man1/gh-org.1
gh-pr-checkout	/usr/share/man/man1/gh-pr-checkout.1
gh-pr-checks	/usr/share/man/man1/gh-pr-checks.1
gh-pr-close	/usr/share/man/man1/gh-pr-close.1
gh-pr-comment	/usr/share/man/man1/gh-pr-comment.1
gh-pr-create	/usr/share/man/man1/gh-pr-create.1
gh-pr-diff	/usr/share/man/man1/gh-pr-diff.1
gh-pr-edit	/usr/share/man/man1/gh-pr-edit.1
gh-pr-list	/usr/share/man/man1/gh-pr-list.1
gh-pr-lock	/usr/share/man/man1/gh-pr-lock.1
gh-pr-merge	/usr/share/man/man1/gh-pr-merge.1
gh-pr-ready	/usr/share/man/man1/gh-pr-ready.1
gh-pr-reopen	/usr/share/man/man1/gh-pr-reopen.1
gh-pr-revert	/usr/share/man/man1/gh-pr-revert.1
gh-pr-review	/usr/share/man/man1/gh-pr-review.1
gh-pr-status	/usr/share/man/man1/gh-pr-status.1
gh-pr-unlock	/usr/share/man/man1/gh-pr-unlock.1
gh-pr-update-branch	/usr/share/man/man1/gh-pr-update-branch.1
gh-pr-view	/usr/share/man/man1/gh-pr-view.1
gh-pr	/usr/share/man/man1/gh-pr.1
gh-preview-prompter	/usr/share/man/man1/gh-preview-prompter.1
gh-preview	/usr/share/man/man1/gh-preview.1
gh-project-close	/usr/share/man/man1/gh-project-close.1
gh-project-copy	/usr/share/man/man1/gh-project-copy.1
gh-project-create	/usr/share/man/man1/gh-project-create.1
gh-project-delete	/usr/share/man/man1/gh-project-delete.1
gh-project-edit	/usr/share/man/man1/gh-project-edit.1
gh-project-field-create	/usr/share/man/man1/gh-project-field-create.1
gh-project-field-delete	/usr/share/man/man1/gh-project-field-delete.1
gh-project-field-list	/usr/share/man/man1/gh-project-field-list.1
gh-project-item-add	/usr/share/man/man1/gh-project-item-add.1
gh-project-item-archive	/usr/share/man/man1/gh-project-item-archive.1
gh-project-item-create	/usr/share/man/man1/gh-project-item-create.1
gh-project-item-delete	/usr/share/man/man1/gh-project-item-delete.1
gh-project-item-edit	/usr/share/man/man1/gh-project-item-edit.1
gh-project-item-list	/usr/share/man/man1/gh-project-item-list.1
gh-project-link	/usr/share/man/man1/gh-project-link.1
gh-project-list	/usr/share/man/man1/gh-project-list.1
gh-project-mark-template	/usr/share/man/man1/gh-project-mark-template.1
gh-project-unlink	/usr/share/man/man1/gh-project-unlink.1
gh-project-view	/usr/share/man/man1/gh-project-view.1
gh-project	/usr/share/man/man1/gh-project.1
gh-release-create	/usr/share/man/man1/gh-release-create.1
gh-release-delete-asset	/usr/share/man/man1/gh-release-delete-asset.1
gh-release-delete	/usr/share/man/man1/gh-release-delete.1
gh-release-download	/usr/share/man/man1/gh-release-download.1
gh-release-edit	/usr/share/man/man1/gh-release-edit.1
gh-release-list	/usr/share/man/man1/gh-release-list.1
gh-release-upload	/usr/share/man/man1/gh-release-upload.1
gh-release-verify-asset	/usr/share/man/man1/gh-release-verify-asset.1
gh-release-verify	/usr/share/man/man1/gh-release-verify.1
gh-release-view	/usr/share/man/man1/gh-release-view.1
gh-release	/usr/share/man/man1/gh-release.1
gh-repo-archive	/usr/share/man/man1/gh-repo-archive.1
gh-repo-autolink-create	/usr/share/man/man1/gh-repo-autolink-create.1
gh-repo-autolink-delete	/usr/share/man/man1/gh-repo-autolink-delete.1
gh-repo-autolink-list	/usr/share/man/man1/gh-repo-autolink-list.1
gh-repo-autolink-view	/usr/share/man/man1/gh-repo-autolink-view.1
gh-repo-autolink	/usr/share/man/man1/gh-repo-autolink.1
gh-repo-clone	/usr/share/man/man1/gh-repo-clone.1
gh-repo-create	/usr/share/man/man1/gh-repo-create.1
gh-repo-delete	/usr/share/man/man1/gh-repo-delete.1
gh-repo-deploy-key-add	/usr/share/man/man1/gh-repo-deploy-key-add.1
gh-repo-deploy-key-delete	/usr/share/man/man1/gh-repo-deploy-key-delete.1
gh-repo-deploy-key-list	/usr/share/man/man1/gh-repo-deploy-key-list.1
gh-repo-deploy-key	/usr/share/man/man1/gh-repo-deploy-key.1
gh-repo-edit	/usr/share/man/man1/gh-repo-edit.1
gh-repo-fork	/usr/share/man/man1/gh-repo-fork.1
gh-repo-gitignore-list	/usr/share/man/man1/gh-repo-gitignore-list.1
gh-repo-gitignore-view	/usr/share/man/man1/gh-repo-gitignore-view.1
gh-repo-gitignore	/usr/share/man/man1/gh-repo-gitignore.1
gh-repo-license-list	/usr/share/man/man1/gh-repo-license-list.1
gh-repo-license-view	/usr/share/man/man1/gh-repo-license-view.1
gh-repo-license	/usr/share/man/man1/gh-repo-license.1
gh-repo-list	/usr/share/man/man1/gh-repo-list.1
gh-repo-read-dir	/usr/share/man/man1/gh-repo-read-dir.1
gh-repo-read-file	/usr/share/man/man1/gh-repo-read-file.1
gh-repo-rename	/usr/share/man/man1/gh-repo-rename.1
gh-repo-set-default	/usr/share/man/man1/gh-repo-set-default.1
gh-repo-sync	/usr/share/man/man1/gh-repo-sync.1
gh-repo-unarchive	/usr/share/man/man1/gh-repo-unarchive.1
gh-repo-view	/usr/share/man/man1/gh-repo-view.1
gh-repo	/usr/share/man/man1/gh-repo.1
gh-ruleset-check	/usr/share/man/man1/gh-ruleset-check.1
gh-ruleset-list	/usr/share/man/man1/gh-ruleset-list.1
gh-ruleset-view	/usr/share/man/man1/gh-ruleset-view.1
gh-ruleset	/usr/share/man/man1/gh-ruleset.1
gh-run-cancel	/usr/share/man/man1/gh-run-cancel.1
gh-run-delete	/usr/share/man/man1/gh-run-delete.1
gh-run-download	/usr/share/man/man1/gh-run-download.1
gh-run-list	/usr/share/man/man1/gh-run-list.1
gh-run-rerun	/usr/share/man/man1/gh-run-rerun.1
gh-run-view	/usr/share/man/man1/gh-run-view.1
gh-run-watch	/usr/share/man/man1/gh-run-watch.1
gh-run	/usr/share/man/man1/gh-run.1
gh-search-code	/usr/share/man/man1/gh-search-code.1
gh-search-commits	/usr/share/man/man1/gh-search-commits.1
gh-search-issues	/usr/share/man/man1/gh-search-issues.1
gh-search-prs	/usr/share/man/man1/gh-search-prs.1
gh-search-repos	/usr/share/man/man1/gh-search-repos.1
gh-search	/usr/share/man/man1/gh-search.1
gh-secret-delete	/usr/share/man/man1/gh-secret-delete.1
gh-secret-list	/usr/share/man/man1/gh-secret-list.1
gh-secret-set	/usr/share/man/man1/gh-secret-set.1
gh-secret	/usr/share/man/man1/gh-secret.1
gh-skill-install	/usr/share/man/man1/gh-skill-install.1
gh-skill-list	/usr/share/man/man1/gh-skill-list.1
gh-skill-preview	/usr/share/man/man1/gh-skill-preview.1
gh-skill-publish	/usr/share/man/man1/gh-skill-publish.1
gh-skill-search	/usr/share/man/man1/gh-skill-search.1
gh-skill-update	/usr/share/man/man1/gh-skill-update.1
gh-skill	/usr/share/man/man1/gh-skill.1
gh-ssh-key-add	/usr/share/man/man1/gh-ssh-key-add.1
gh-ssh-key-delete	/usr/share/man/man1/gh-ssh-key-delete.1
gh-ssh-key-list	/usr/share/man/man1/gh-ssh-key-list.1
gh-ssh-key	/usr/share/man/man1/gh-ssh-key.1
gh-status	/usr/share/man/man1/gh-status.1
gh-variable-delete	/usr/share/man/man1/gh-variable-delete.1
gh-variable-get	/usr/share/man/man1/gh-variable-get.1
gh-variable-list	/usr/share/man/man1/gh-variable-list.1
gh-variable-set	/usr/share/man/man1/gh-variable-set.1
gh-variable	/usr/share/man/man1/gh-variable.1
gh-workflow-disable	/usr/share/man/man1/gh-workflow-disable.1
gh-workflow-enable	/usr/share/man/man1/gh-workflow-enable.1
gh-workflow-list	/usr/share/man/man1/gh-workflow-list.1
gh-workflow-run	/usr/share/man/man1/gh-workflow-run.1
gh-workflow-view	/usr/share/man/man1/gh-workflow-view.1
gh-workflow	/usr/share/man/man1/gh-workflow.1
gi-compile-repository	/usr/share/man/man1/gi-compile-repository.1.gz
gi-decompile-typelib	/usr/share/man/man1/gi-decompile-typelib.1.gz
gi-inspect-typelib	/usr/share/man/man1/gi-inspect-typelib.1.gz
giftopnm	/usr/share/man/man1/giftopnm.1.gz
gio-querymodules	/usr/share/man/man1/gio-querymodules.1.gz
gio	/usr/share/man/man1/gio.1.gz
gipddecode	/usr/share/man/man1/gipddecode.1.gz
git-add	/usr/share/man/man1/git-add.1.gz
git-am	/usr/share/man/man1/git-am.1.gz
git-annotate	/usr/share/man/man1/git-annotate.1.gz
git-apply	/usr/share/man/man1/git-apply.1.gz
git-archive	/usr/share/man/man1/git-archive.1.gz
git-backfill	/usr/share/man/man1/git-backfill.1.gz
git-bisect	/usr/share/man/man1/git-bisect.1.gz
git-blame	/usr/share/man/man1/git-blame.1.gz
git-branch	/usr/share/man/man1/git-branch.1.gz
git-bugreport	/usr/share/man/man1/git-bugreport.1.gz
git-bundle	/usr/share/man/man1/git-bundle.1.gz
git-cat-file	/usr/share/man/man1/git-cat-file.1.gz
git-check-attr	/usr/share/man/man1/git-check-attr.1.gz
git-check-ignore	/usr/share/man/man1/git-check-ignore.1.gz
git-check-mailmap	/usr/share/man/man1/git-check-mailmap.1.gz
git-check-ref-format	/usr/share/man/man1/git-check-ref-format.1.gz
git-checkout-index	/usr/share/man/man1/git-checkout-index.1.gz
git-checkout	/usr/share/man/man1/git-checkout.1.gz
git-cherry-pick	/usr/share/man/man1/git-cherry-pick.1.gz
git-cherry	/usr/share/man/man1/git-cherry.1.gz
git-clean	/usr/share/man/man1/git-clean.1.gz
git-clone	/usr/share/man/man1/git-clone.1.gz
git-column	/usr/share/man/man1/git-column.1.gz
git-commit-graph	/usr/share/man/man1/git-commit-graph.1.gz
git-commit-tree	/usr/share/man/man1/git-commit-tree.1.gz
git-commit	/usr/share/man/man1/git-commit.1.gz
git-config	/usr/share/man/man1/git-config.1.gz
git-count-objects	/usr/share/man/man1/git-count-objects.1.gz
git-credential-cache--daemon	/usr/share/man/man1/git-credential-cache--daemon.1.gz
git-credential-cache	/usr/share/man/man1/git-credential-cache.1.gz
git-credential-store	/usr/share/man/man1/git-credential-store.1.gz
git-credential	/usr/share/man/man1/git-credential.1.gz
git-daemon	/usr/share/man/man1/git-daemon.1.gz
git-describe	/usr/share/man/man1/git-describe.1.gz
git-diagnose	/usr/share/man/man1/git-diagnose.1.gz
git-diff-files	/usr/share/man/man1/git-diff-files.1.gz
git-diff-index	/usr/share/man/man1/git-diff-index.1.gz
git-diff-pairs	/usr/share/man/man1/git-diff-pairs.1.gz
git-diff-tree	/usr/share/man/man1/git-diff-tree.1.gz
git-diff	/usr/share/man/man1/git-diff.1.gz
git-difftool	/usr/share/man/man1/git-difftool.1.gz
git-fast-export	/usr/share/man/man1/git-fast-export.1.gz
git-fast-import	/usr/share/man/man1/git-fast-import.1.gz
git-fetch-pack	/usr/share/man/man1/git-fetch-pack.1.gz
git-fetch	/usr/share/man/man1/git-fetch.1.gz
git-filter-branch	/usr/share/man/man1/git-filter-branch.1.gz
git-fmt-merge-msg	/usr/share/man/man1/git-fmt-merge-msg.1.gz
git-for-each-ref	/usr/share/man/man1/git-for-each-ref.1.gz
git-for-each-repo	/usr/share/man/man1/git-for-each-repo.1.gz
git-format-patch	/usr/share/man/man1/git-format-patch.1.gz
git-fsck-objects	/usr/share/man/man1/git-fsck-objects.1.gz
git-fsck	/usr/share/man/man1/git-fsck.1.gz
git-fsmonitor--daemon	/usr/share/man/man1/git-fsmonitor--daemon.1.gz
git-gc	/usr/share/man/man1/git-gc.1.gz
git-get-tar-commit-id	/usr/share/man/man1/git-get-tar-commit-id.1.gz
git-grep	/usr/share/man/man1/git-grep.1.gz
git-hash-object	/usr/share/man/man1/git-hash-object.1.gz
git-help	/usr/share/man/man1/git-help.1.gz
git-hook	/usr/share/man/man1/git-hook.1.gz
git-http-backend	/usr/share/man/man1/git-http-backend.1.gz
git-http-fetch	/usr/share/man/man1/git-http-fetch.1.gz
git-http-push	/usr/share/man/man1/git-http-push.1.gz
git-imap-send	/usr/share/man/man1/git-imap-send.1.gz
git-index-pack	/usr/share/man/man1/git-index-pack.1.gz
git-init-db	/usr/share/man/man1/git-init-db.1.gz
git-init	/usr/share/man/man1/git-init.1.gz
git-instaweb	/usr/share/man/man1/git-instaweb.1.gz
git-interpret-trailers	/usr/share/man/man1/git-interpret-trailers.1.gz
git-last-modified	/usr/share/man/man1/git-last-modified.1.gz
git-lfs-checkout	/usr/share/man/man1/git-lfs-checkout.1.gz
git-lfs-clean	/usr/share/man/man1/git-lfs-clean.1.gz
git-lfs-clone	/usr/share/man/man1/git-lfs-clone.1.gz
git-lfs-completion	/usr/share/man/man1/git-lfs-completion.1.gz
git-lfs-dedup	/usr/share/man/man1/git-lfs-dedup.1.gz
git-lfs-env	/usr/share/man/man1/git-lfs-env.1.gz
git-lfs-ext	/usr/share/man/man1/git-lfs-ext.1.gz
git-lfs-fetch	/usr/share/man/man1/git-lfs-fetch.1.gz
git-lfs-filter-process	/usr/share/man/man1/git-lfs-filter-process.1.gz
git-lfs-fsck	/usr/share/man/man1/git-lfs-fsck.1.gz
git-lfs-install	/usr/share/man/man1/git-lfs-install.1.gz
git-lfs-lock	/usr/share/man/man1/git-lfs-lock.1.gz
git-lfs-locks	/usr/share/man/man1/git-lfs-locks.1.gz
git-lfs-logs	/usr/share/man/man1/git-lfs-logs.1.gz
git-lfs-ls-files	/usr/share/man/man1/git-lfs-ls-files.1.gz
git-lfs-merge-driver	/usr/share/man/man1/git-lfs-merge-driver.1.gz
git-lfs-migrate	/usr/share/man/man1/git-lfs-migrate.1.gz
git-lfs-pointer	/usr/share/man/man1/git-lfs-pointer.1.gz
git-lfs-post-checkout	/usr/share/man/man1/git-lfs-post-checkout.1.gz
git-lfs-post-commit	/usr/share/man/man1/git-lfs-post-commit.1.gz
git-lfs-post-merge	/usr/share/man/man1/git-lfs-post-merge.1.gz
git-lfs-pre-push	/usr/share/man/man1/git-lfs-pre-push.1.gz
git-lfs-prune	/usr/share/man/man1/git-lfs-prune.1.gz
git-lfs-pull	/usr/share/man/man1/git-lfs-pull.1.gz
git-lfs-push	/usr/share/man/man1/git-lfs-push.1.gz
git-lfs-smudge	/usr/share/man/man1/git-lfs-smudge.1.gz
git-lfs-standalone-file	/usr/share/man/man1/git-lfs-standalone-file.1.gz
git-lfs-status	/usr/share/man/man1/git-lfs-status.1.gz
git-lfs-track	/usr/share/man/man1/git-lfs-track.1.gz
git-lfs-uninstall	/usr/share/man/man1/git-lfs-uninstall.1.gz
git-lfs-unlock	/usr/share/man/man1/git-lfs-unlock.1.gz
git-lfs-untrack	/usr/share/man/man1/git-lfs-untrack.1.gz
git-lfs-update	/usr/share/man/man1/git-lfs-update.1.gz
git-lfs	/usr/share/man/man1/git-lfs.1.gz
git-log	/usr/share/man/man1/git-log.1.gz
git-ls-files	/usr/share/man/man1/git-ls-files.1.gz
git-ls-remote	/usr/share/man/man1/git-ls-remote.1.gz
git-ls-tree	/usr/share/man/man1/git-ls-tree.1.gz
git-mailinfo	/usr/share/man/man1/git-mailinfo.1.gz
git-mailsplit	/usr/share/man/man1/git-mailsplit.1.gz
git-maintenance	/usr/share/man/man1/git-maintenance.1.gz
git-merge-base	/usr/share/man/man1/git-merge-base.1.gz
git-merge-file	/usr/share/man/man1/git-merge-file.1.gz
git-merge-index	/usr/share/man/man1/git-merge-index.1.gz
git-merge-one-file	/usr/share/man/man1/git-merge-one-file.1.gz
git-merge-tree	/usr/share/man/man1/git-merge-tree.1.gz
git-merge	/usr/share/man/man1/git-merge.1.gz
git-mergetool--lib	/usr/share/man/man1/git-mergetool--lib.1.gz
git-mergetool	/usr/share/man/man1/git-mergetool.1.gz
git-mktag	/usr/share/man/man1/git-mktag.1.gz
git-mktree	/usr/share/man/man1/git-mktree.1.gz
git-multi-pack-index	/usr/share/man/man1/git-multi-pack-index.1.gz
git-mv	/usr/share/man/man1/git-mv.1.gz
git-name-rev	/usr/share/man/man1/git-name-rev.1.gz
git-notes	/usr/share/man/man1/git-notes.1.gz
git-pack-objects	/usr/share/man/man1/git-pack-objects.1.gz
git-pack-redundant	/usr/share/man/man1/git-pack-redundant.1.gz
git-pack-refs	/usr/share/man/man1/git-pack-refs.1.gz
git-patch-id	/usr/share/man/man1/git-patch-id.1.gz
git-prune-packed	/usr/share/man/man1/git-prune-packed.1.gz
git-prune	/usr/share/man/man1/git-prune.1.gz
git-pull	/usr/share/man/man1/git-pull.1.gz
git-push	/usr/share/man/man1/git-push.1.gz
git-quiltimport	/usr/share/man/man1/git-quiltimport.1.gz
git-range-diff	/usr/share/man/man1/git-range-diff.1.gz
git-read-tree	/usr/share/man/man1/git-read-tree.1.gz
git-rebase	/usr/share/man/man1/git-rebase.1.gz
git-receive-pack	/usr/share/man/man1/git-receive-pack.1.gz
git-reflog	/usr/share/man/man1/git-reflog.1.gz
git-refs	/usr/share/man/man1/git-refs.1.gz
git-remote-ext	/usr/share/man/man1/git-remote-ext.1.gz
git-remote-fd	/usr/share/man/man1/git-remote-fd.1.gz
git-remote	/usr/share/man/man1/git-remote.1.gz
git-repack	/usr/share/man/man1/git-repack.1.gz
git-replace	/usr/share/man/man1/git-replace.1.gz
git-replay	/usr/share/man/man1/git-replay.1.gz
git-repo	/usr/share/man/man1/git-repo.1.gz
git-request-pull	/usr/share/man/man1/git-request-pull.1.gz
git-rerere	/usr/share/man/man1/git-rerere.1.gz
git-reset	/usr/share/man/man1/git-reset.1.gz
git-restore	/usr/share/man/man1/git-restore.1.gz
git-rev-list	/usr/share/man/man1/git-rev-list.1.gz
git-rev-parse	/usr/share/man/man1/git-rev-parse.1.gz
git-revert	/usr/share/man/man1/git-revert.1.gz
git-rm	/usr/share/man/man1/git-rm.1.gz
git-send-pack	/usr/share/man/man1/git-send-pack.1.gz
git-sh-i18n--envsubst	/usr/share/man/man1/git-sh-i18n--envsubst.1.gz
git-sh-i18n	/usr/share/man/man1/git-sh-i18n.1.gz
git-sh-setup	/usr/share/man/man1/git-sh-setup.1.gz
git-shell	/usr/share/man/man1/git-shell.1.gz
git-shortlog	/usr/share/man/man1/git-shortlog.1.gz
git-show-branch	/usr/share/man/man1/git-show-branch.1.gz
git-show-index	/usr/share/man/man1/git-show-index.1.gz
git-show-ref	/usr/share/man/man1/git-show-ref.1.gz
git-show	/usr/share/man/man1/git-show.1.gz
git-sparse-checkout	/usr/share/man/man1/git-sparse-checkout.1.gz
git-stage	/usr/share/man/man1/git-stage.1.gz
git-stash	/usr/share/man/man1/git-stash.1.gz
git-status	/usr/share/man/man1/git-status.1.gz
git-stripspace	/usr/share/man/man1/git-stripspace.1.gz
git-submodule	/usr/share/man/man1/git-submodule.1.gz
git-subtree	/usr/share/man/man1/git-subtree.1.gz
git-switch	/usr/share/man/man1/git-switch.1.gz
git-symbolic-ref	/usr/share/man/man1/git-symbolic-ref.1.gz
git-tag	/usr/share/man/man1/git-tag.1.gz
git-unpack-file	/usr/share/man/man1/git-unpack-file.1.gz
git-unpack-objects	/usr/share/man/man1/git-unpack-objects.1.gz
git-update-index	/usr/share/man/man1/git-update-index.1.gz
git-update-ref	/usr/share/man/man1/git-update-ref.1.gz
git-update-server-info	/usr/share/man/man1/git-update-server-info.1.gz
git-upload-archive	/usr/share/man/man1/git-upload-archive.1.gz
git-upload-pack	/usr/share/man/man1/git-upload-pack.1.gz
git-var	/usr/share/man/man1/git-var.1.gz
git-verify-commit	/usr/share/man/man1/git-verify-commit.1.gz
git-verify-pack	/usr/share/man/man1/git-verify-pack.1.gz
git-verify-tag	/usr/share/man/man1/git-verify-tag.1.gz
git-version	/usr/share/man/man1/git-version.1.gz
git-web--browse	/usr/share/man/man1/git-web--browse.1.gz
git-whatchanged	/usr/share/man/man1/git-whatchanged.1.gz
git-worktree	/usr/share/man/man1/git-worktree.1.gz
git-write-tree	/usr/share/man/man1/git-write-tree.1.gz
gitweb	/usr/share/man/man1/gitweb.1.gz
glib-compile-resources	/usr/share/man/man1/glib-compile-resources.1.gz
glib-compile-schemas	/usr/share/man/man1/glib-compile-schemas.1.gz
glib-genmarshal	/usr/share/man/man1/glib-genmarshal.1.gz
glib-gettextize	/usr/share/man/man1/glib-gettextize.1.gz
glib-mkenums	/usr/share/man/man1/glib-mkenums.1.gz
glxdemo	/usr/share/man/man1/glxdemo.1.gz
glxgears	/usr/share/man/man1/glxgears.1.gz
glxheads	/usr/share/man/man1/glxheads.1.gz
glxinfo	/usr/share/man/man1/glxinfo.1.gz
gnuarch	/usr/share/man/man1/gnuarch.1.gz
gnub2sum	/usr/share/man/man1/gnub2sum.1.gz
gnubase32	/usr/share/man/man1/gnubase32.1.gz
gnubase64	/usr/share/man/man1/gnubase64.1.gz
gnubasename	/usr/share/man/man1/gnubasename.1.gz
gnubasenc	/usr/share/man/man1/gnubasenc.1.gz
gnucat	/usr/share/man/man1/gnucat.1.gz
gnuchcon	/usr/share/man/man1/gnuchcon.1.gz
gnuchgrp	/usr/share/man/man1/gnuchgrp.1.gz
gnuchmod	/usr/share/man/man1/gnuchmod.1.gz
gnuchown	/usr/share/man/man1/gnuchown.1.gz
gnucksum	/usr/share/man/man1/gnucksum.1.gz
gnucomm	/usr/share/man/man1/gnucomm.1.gz
gnucp	/usr/share/man/man1/gnucp.1.gz
gnucsplit	/usr/share/man/man1/gnucsplit.1.gz
gnucut	/usr/share/man/man1/gnucut.1.gz
gnudate	/usr/share/man/man1/gnudate.1.gz
gnudd	/usr/share/man/man1/gnudd.1.gz
gnudf	/usr/share/man/man1/gnudf.1.gz
gnudir	/usr/share/man/man1/gnudir.1.gz
gnudircolors	/usr/share/man/man1/gnudircolors.1.gz
gnudirname	/usr/share/man/man1/gnudirname.1.gz
gnudu	/usr/share/man/man1/gnudu.1.gz
gnuecho	/usr/share/man/man1/gnuecho.1.gz
gnuenv	/usr/share/man/man1/gnuenv.1.gz
gnuexpand	/usr/share/man/man1/gnuexpand.1.gz
gnuexpr	/usr/share/man/man1/gnuexpr.1.gz
gnufactor	/usr/share/man/man1/gnufactor.1.gz
gnufalse	/usr/share/man/man1/gnufalse.1.gz
gnufmt	/usr/share/man/man1/gnufmt.1.gz
gnufold	/usr/share/man/man1/gnufold.1.gz
gnugroups	/usr/share/man/man1/gnugroups.1.gz
gnuhead	/usr/share/man/man1/gnuhead.1.gz
gnuhostid	/usr/share/man/man1/gnuhostid.1.gz
gnuid	/usr/share/man/man1/gnuid.1.gz
gnuinstall	/usr/share/man/man1/gnuinstall.1.gz
gnujoin	/usr/share/man/man1/gnujoin.1.gz
gnulink	/usr/share/man/man1/gnulink.1.gz
gnuln	/usr/share/man/man1/gnuln.1.gz
gnulogname	/usr/share/man/man1/gnulogname.1.gz
gnuls	/usr/share/man/man1/gnuls.1.gz
gnumd5sum	/usr/share/man/man1/gnumd5sum.1.gz
gnumkdir	/usr/share/man/man1/gnumkdir.1.gz
gnumkfifo	/usr/share/man/man1/gnumkfifo.1.gz
gnumknod	/usr/share/man/man1/gnumknod.1.gz
gnumktemp	/usr/share/man/man1/gnumktemp.1.gz
gnumv	/usr/share/man/man1/gnumv.1.gz
gnunice	/usr/share/man/man1/gnunice.1.gz
gnunl	/usr/share/man/man1/gnunl.1.gz
gnunohup	/usr/share/man/man1/gnunohup.1.gz
gnunproc	/usr/share/man/man1/gnunproc.1.gz
gnunumfmt	/usr/share/man/man1/gnunumfmt.1.gz
gnuod	/usr/share/man/man1/gnuod.1.gz
gnupaste	/usr/share/man/man1/gnupaste.1.gz
gnupathchk	/usr/share/man/man1/gnupathchk.1.gz
gnupinky	/usr/share/man/man1/gnupinky.1.gz
gnuplot-x11	/usr/share/man/man1/gnuplot-x11.1.gz
gnupr	/usr/share/man/man1/gnupr.1.gz
gnuprintenv	/usr/share/man/man1/gnuprintenv.1.gz
gnuprintf	/usr/share/man/man1/gnuprintf.1.gz
gnuptx	/usr/share/man/man1/gnuptx.1.gz
gnupwd	/usr/share/man/man1/gnupwd.1.gz
gnureadlink	/usr/share/man/man1/gnureadlink.1.gz
gnurealpath	/usr/share/man/man1/gnurealpath.1.gz
gnurm	/usr/share/man/man1/gnurm.1.gz
gnurmdir	/usr/share/man/man1/gnurmdir.1.gz
gnuruncon	/usr/share/man/man1/gnuruncon.1.gz
gnuseq	/usr/share/man/man1/gnuseq.1.gz
gnusha1sum	/usr/share/man/man1/gnusha1sum.1.gz
gnusha224sum	/usr/share/man/man1/gnusha224sum.1.gz
gnusha256sum	/usr/share/man/man1/gnusha256sum.1.gz
gnusha384sum	/usr/share/man/man1/gnusha384sum.1.gz
gnusha512sum	/usr/share/man/man1/gnusha512sum.1.gz
gnushred	/usr/share/man/man1/gnushred.1.gz
gnushuf	/usr/share/man/man1/gnushuf.1.gz
gnusleep	/usr/share/man/man1/gnusleep.1.gz
gnusort	/usr/share/man/man1/gnusort.1.gz
gnusplit	/usr/share/man/man1/gnusplit.1.gz
gnustat	/usr/share/man/man1/gnustat.1.gz
gnustdbuf	/usr/share/man/man1/gnustdbuf.1.gz
gnustty	/usr/share/man/man1/gnustty.1.gz
gnusum	/usr/share/man/man1/gnusum.1.gz
gnusync	/usr/share/man/man1/gnusync.1.gz
gnutac	/usr/share/man/man1/gnutac.1.gz
gnutail	/usr/share/man/man1/gnutail.1.gz
gnutee	/usr/share/man/man1/gnutee.1.gz
gnutest	/usr/share/man/man1/gnutest.1.gz
gnutimeout	/usr/share/man/man1/gnutimeout.1.gz
gnutouch	/usr/share/man/man1/gnutouch.1.gz
gnutr	/usr/share/man/man1/gnutr.1.gz
gnutrue	/usr/share/man/man1/gnutrue.1.gz
gnutruncate	/usr/share/man/man1/gnutruncate.1.gz
gnutsort	/usr/share/man/man1/gnutsort.1.gz
gnutty	/usr/share/man/man1/gnutty.1.gz
gnuuname	/usr/share/man/man1/gnuuname.1.gz
gnuunexpand	/usr/share/man/man1/gnuunexpand.1.gz
gnuuniq	/usr/share/man/man1/gnuuniq.1.gz
gnuunlink	/usr/share/man/man1/gnuunlink.1.gz
gnuusers	/usr/share/man/man1/gnuusers.1.gz
gnuvdir	/usr/share/man/man1/gnuvdir.1.gz
gnuwc	/usr/share/man/man1/gnuwc.1.gz
gnuwho	/usr/share/man/man1/gnuwho.1.gz
gnuwhoami	/usr/share/man/man1/gnuwhoami.1.gz
gnuyes	/usr/share/man/man1/gnuyes.1.gz
gobject-query	/usr/share/man/man1/gobject-query.1.gz
google-chrome-stable	/usr/share/man/man1/google-chrome-stable.1.gz
gouldtoppm	/usr/share/man/man1/gouldtoppm.1.gz
gpasswd	/usr/share/man/man1/gpasswd.1.gz
gpg-agent	/usr/share/man/man1/gpg-agent.1.gz
gpg-check-pattern	/usr/share/man/man1/gpg-check-pattern.1.gz
gpg-connect-agent	/usr/share/man/man1/gpg-connect-agent.1.gz
gpg-mail-tube	/usr/share/man/man1/gpg-mail-tube.1.gz
gpg-preset-passphrase	/usr/share/man/man1/gpg-preset-passphrase.1.gz
gpg-wks-client	/usr/share/man/man1/gpg-wks-client.1.gz
gpg	/usr/share/man/man1/gpg.1.gz
gpgconf	/usr/share/man/man1/gpgconf.1.gz
gpgparsemail	/usr/share/man/man1/gpgparsemail.1.gz
gpgsm	/usr/share/man/man1/gpgsm.1.gz
gpgsplit	/usr/share/man/man1/gpgsplit.1.gz
gpgtar	/usr/share/man/man1/gpgtar.1.gz
gpgv	/usr/share/man/man1/gpgv.1.gz
gprof	/usr/share/man/man1/gprof.1.gz
gprofng-archive	/usr/share/man/man1/gprofng-archive.1.gz
gprofng-collect-app	/usr/share/man/man1/gprofng-collect-app.1.gz
gprofng-display-gmon	/usr/share/man/man1/gprofng-display-gmon.1.gz
gprofng-display-html	/usr/share/man/man1/gprofng-display-html.1.gz
gprofng-display-src	/usr/share/man/man1/gprofng-display-src.1.gz
gprofng-display-text	/usr/share/man/man1/gprofng-display-text.1.gz
gprofng	/usr/share/man/man1/gprofng.1.gz
grep	/usr/share/man/man1/grep.1.gz
grepc	/usr/share/man/man1/grepc.1.gz
grepc_c	/usr/share/man/man1/grepc_c.1.gz
gresource	/usr/share/man/man1/gresource.1.gz
groff	/usr/share/man/man1/groff.1.gz
grog	/usr/share/man/man1/grog.1.gz
grops	/usr/share/man/man1/grops.1.gz
grotty	/usr/share/man/man1/grotty.1.gz
growpart	/usr/share/man/man1/growpart.1.gz
grub-editenv	/usr/share/man/man1/grub-editenv.1.gz
grub-file	/usr/share/man/man1/grub-file.1.gz
grub-fstest	/usr/share/man/man1/grub-fstest.1.gz
grub-glue-efi	/usr/share/man/man1/grub-glue-efi.1.gz
grub-kbdcomp	/usr/share/man/man1/grub-kbdcomp.1.gz
grub-menulst2cfg	/usr/share/man/man1/grub-menulst2cfg.1.gz
grub-mkfont	/usr/share/man/man1/grub-mkfont.1.gz
grub-mkimage	/usr/share/man/man1/grub-mkimage.1.gz
grub-mklayout	/usr/share/man/man1/grub-mklayout.1.gz
grub-mknetdir	/usr/share/man/man1/grub-mknetdir.1.gz
grub-mkpasswd-pbkdf2	/usr/share/man/man1/grub-mkpasswd-pbkdf2.1.gz
grub-mkrelpath	/usr/share/man/man1/grub-mkrelpath.1.gz
grub-mkrescue	/usr/share/man/man1/grub-mkrescue.1.gz
grub-mkstandalone	/usr/share/man/man1/grub-mkstandalone.1.gz
grub-mount	/usr/share/man/man1/grub-mount.1.gz
grub-render-label	/usr/share/man/man1/grub-render-label.1.gz
grub-script-check	/usr/share/man/man1/grub-script-check.1.gz
grub-syslinux2cfg	/usr/share/man/man1/grub-syslinux2cfg.1.gz
gs	/usr/share/man/man1/gs.1.gz
gsettings	/usr/share/man/man1/gsettings.1.gz
gslp	/usr/share/man/man1/gslp.1.gz
gsnd	/usr/share/man/man1/gsnd.1.gz
gtester-report	/usr/share/man/man1/gtester-report.1.gz
gtester	/usr/share/man/man1/gtester.1.gz
gtf	/usr/share/man/man1/gtf.1.gz
gtk-builder-tool	/usr/share/man/man1/gtk-builder-tool.1.gz
gtk-encode-symbolic-svg	/usr/share/man/man1/gtk-encode-symbolic-svg.1.gz
gtk-launch	/usr/share/man/man1/gtk-launch.1.gz
gtk-query-immodules-3.0	/usr/share/man/man1/gtk-query-immodules-3.0.1.gz
gtk-query-settings	/usr/share/man/man1/gtk-query-settings.1.gz
gtk4-broadwayd	/usr/share/man/man1/gtk4-broadwayd.1.gz
gtk4-builder-tool	/usr/share/man/man1/gtk4-builder-tool.1.gz
gtk4-encode-symbolic-svg	/usr/share/man/man1/gtk4-encode-symbolic-svg.1.gz
gtk4-image-tool	/usr/share/man/man1/gtk4-image-tool.1.gz
gtk4-launch	/usr/share/man/man1/gtk4-launch.1.gz
gtk4-path-tool	/usr/share/man/man1/gtk4-path-tool.1.gz
gtk4-query-settings	/usr/share/man/man1/gtk4-query-settings.1.gz
gtk4-rendernode-tool	/usr/share/man/man1/gtk4-rendernode-tool.1.gz
gtk4-update-icon-cache	/usr/share/man/man1/gtk4-update-icon-cache.1.gz
gvfsd-fuse	/usr/share/man/man1/gvfsd-fuse.1.gz
gvfsd-metadata	/usr/share/man/man1/gvfsd-metadata.1.gz
gvfsd	/usr/share/man/man1/gvfsd.1.gz
gzexe	/usr/share/man/man1/gzexe.1.gz
h2ph	/usr/share/man/man1/h2ph.1.gz
h2xs	/usr/share/man/man1/h2xs.1.gz
hardlink	/usr/share/man/man1/hardlink.1.gz
hbpldecode	/usr/share/man/man1/hbpldecode.1.gz
hciattach	/usr/share/man/man1/hciattach.1.gz
hciconfig	/usr/share/man/man1/hciconfig.1.gz
hcitool	/usr/share/man/man1/hcitool.1.gz
hdifftopam	/usr/share/man/man1/hdifftopam.1.gz
helpztags	/usr/share/man/man1/helpztags.1.gz
hex2hcd	/usr/share/man/man1/hex2hcd.1.gz
hexdump	/usr/share/man/man1/hexdump.1.gz
hid2hci	/usr/share/man/man1/hid2hci.1.gz
hipercdecode	/usr/share/man/man1/hipercdecode.1.gz
hipstopgm	/usr/share/man/man1/hipstopgm.1.gz
host	/usr/share/man/man1/host.1.gz
hostname	/usr/share/man/man1/hostname.1.gz
hostnamectl	/usr/share/man/man1/hostnamectl.1.gz
hp-align	/usr/share/man/man1/hp-align.1.gz
hp-check	/usr/share/man/man1/hp-check.1.gz
hp-clean	/usr/share/man/man1/hp-clean.1.gz
hp-colorcal	/usr/share/man/man1/hp-colorcal.1.gz
hp-config_usb_printer	/usr/share/man/man1/hp-config_usb_printer.1.gz
hp-doctor	/usr/share/man/man1/hp-doctor.1.gz
hp-firmware	/usr/share/man/man1/hp-firmware.1.gz
hp-info	/usr/share/man/man1/hp-info.1.gz
hp-levels	/usr/share/man/man1/hp-levels.1.gz
hp-logcapture	/usr/share/man/man1/hp-logcapture.1.gz
hp-makeuri	/usr/share/man/man1/hp-makeuri.1.gz
hp-pkservice	/usr/share/man/man1/hp-pkservice.1.gz
hp-plugin	/usr/share/man/man1/hp-plugin.1.gz
hp-probe	/usr/share/man/man1/hp-probe.1.gz
hp-query	/usr/share/man/man1/hp-query.1.gz
hp-scan	/usr/share/man/man1/hp-scan.1.gz
hp-setup	/usr/share/man/man1/hp-setup.1.gz
hp-testpage	/usr/share/man/man1/hp-testpage.1.gz
hp-timedate	/usr/share/man/man1/hp-timedate.1.gz
htmltree	/usr/share/man/man1/htmltree.1p.gz
iceauth	/usr/share/man/man1/iceauth.1.gz
ico	/usr/share/man/man1/ico.1.gz
icontopbm	/usr/share/man/man1/icontopbm.1.gz
iconv	/usr/share/man/man1/iconv.1.gz
icuexportdata	/usr/share/man/man1/icuexportdata.1.gz
iecset	/usr/share/man/man1/iecset.1.gz
ifnames	/usr/share/man/man1/ifnames.1.gz
ilbmtoppm	/usr/share/man/man1/ilbmtoppm.1.gz
imagetops	/usr/share/man/man1/imagetops.1.gz
imgtoppm	/usr/share/man/man1/imgtoppm.1.gz
inetutils-telnet	/usr/share/man/man1/inetutils-telnet.1.gz
info	/usr/share/man/man1/info.1.gz
infocmp	/usr/share/man/man1/infocmp.1.gz
infotocap	/usr/share/man/man1/infotocap.1.gz
infotopam	/usr/share/man/man1/infotopam.1.gz
init	/usr/share/man/man1/init.1.gz
inputattach	/usr/share/man/man1/inputattach.1.gz
install-info	/usr/share/man/man1/install-info.1.gz
instmodsh	/usr/share/man/man1/instmodsh.1.gz
intro	/usr/share/man/man1/intro.1.gz
inxi	/usr/share/man/man1/inxi.1.gz
ionice	/usr/share/man/man1/ionice.1.gz
iostat	/usr/share/man/man1/iostat.1.gz
ipcmk	/usr/share/man/man1/ipcmk.1.gz
ipcrm	/usr/share/man/man1/ipcrm.1.gz
ipcs	/usr/share/man/man1/ipcs.1.gz
ippeveprinter	/usr/share/man/man1/ippeveprinter.1.gz
ippfind	/usr/share/man/man1/ippfind.1.gz
ipptool	/usr/share/man/man1/ipptool.1.gz
iptables-xml	/usr/share/man/man1/iptables-xml.1.gz
ischroot	/usr/share/man/man1/ischroot.1.gz
isoinfo	/usr/share/man/man1/isoinfo.1.gz
ispell-wrapper	/usr/share/man/man1/ispell-wrapper.1.gz
jbigtopnm	/usr/share/man/man1/jbigtopnm.1.gz
jpeg2ktopam	/usr/share/man/man1/jpeg2ktopam.1.gz
jpegexiforient	/usr/share/man/man1/jpegexiforient.1.gz
jpegtopnm	/usr/share/man/man1/jpegtopnm.1.gz
jpegtran	/usr/share/man/man1/jpegtran.1.gz
jpgicc	/usr/share/man/man1/jpgicc.1.gz
jq	/usr/share/man/man1/jq.1.gz
json_pp	/usr/share/man/man1/json_pp.1.gz
kbd_mode	/usr/share/man/man1/kbd_mode.1.gz
kbdinfo	/usr/share/man/man1/kbdinfo.1.gz
kbookmarkmerger	/usr/share/man/man1/kbookmarkmerger.1.gz
kbxutil	/usr/share/man/man1/kbxutil.1.gz
keditbookmarks	/usr/share/man/man1/keditbookmarks.1.gz
keyboxd	/usr/share/man/man1/keyboxd.1.gz
kill	/usr/share/man/man1/kill.1.gz
killall	/usr/share/man/man1/killall.1.gz
kmodsign	/usr/share/man/man1/kmodsign.1.gz
koi8rxterm	/usr/share/man/man1/koi8rxterm.1.gz
kpackagetool6	/usr/share/man/man1/kpackagetool6.1.gz
krb5-config.mit	/usr/share/man/man1/krb5-config.mit.1.gz
kwallet-query	/usr/share/man/man1/kwallet-query.1.gz
l2ping	/usr/share/man/man1/l2ping.1.gz
l2test	/usr/share/man/man1/l2test.1.gz
laptop-detect	/usr/share/man/man1/laptop-detect.1.gz
lavadecode	/usr/share/man/man1/lavadecode.1.gz
ld.bfd	/usr/share/man/man1/ld.bfd.1.gz
ld.lld-21	/usr/share/man/man1/ld.lld-21.1.gz
ldd	/usr/share/man/man1/ldd.1.gz
leaftoppm	/usr/share/man/man1/leaftoppm.1.gz
less	/usr/share/man/man1/less.1.gz
lessecho	/usr/share/man/man1/lessecho.1.gz
lesskey	/usr/share/man/man1/lesskey.1.gz
lesspipe	/usr/share/man/man1/lesspipe.1.gz
lexgrog	/usr/share/man/man1/lexgrog.1.gz
libnetcfg	/usr/share/man/man1/libnetcfg.1.gz
libpng16-config	/usr/share/man/man1/libpng16-config.1.gz
libreoffice	/usr/share/man/man1/libreoffice.1.gz
libtool	/usr/share/man/man1/libtool.1.gz
libtoolize	/usr/share/man/man1/libtoolize.1.gz
linkicc	/usr/share/man/man1/linkicc.1.gz
linux-check-removal	/usr/share/man/man1/linux-check-removal.1.gz
linux-run-hooks	/usr/share/man/man1/linux-run-hooks.1.gz
linux-update-symlinks	/usr/share/man/man1/linux-update-symlinks.1.gz
linux-version	/usr/share/man/man1/linux-version.1.gz
lispmtopgm	/usr/share/man/man1/lispmtopgm.1.gz
listres	/usr/share/man/man1/listres.1.gz
lit-21	/usr/share/man/man1/lit-21.1.gz
llc-21	/usr/share/man/man1/llc-21.1.gz
lldb-tblgen-21	/usr/share/man/man1/lldb-tblgen-21.1.gz
lli-21	/usr/share/man/man1/lli-21.1.gz
llvm-addr2line-21	/usr/share/man/man1/llvm-addr2line-21.1.gz
llvm-ar-21	/usr/share/man/man1/llvm-ar-21.1.gz
llvm-as-21	/usr/share/man/man1/llvm-as-21.1.gz
llvm-bcanalyzer-21	/usr/share/man/man1/llvm-bcanalyzer-21.1.gz
llvm-cgdata-21	/usr/share/man/man1/llvm-cgdata-21.1.gz
llvm-config-21	/usr/share/man/man1/llvm-config-21.1.gz
llvm-cov-21	/usr/share/man/man1/llvm-cov-21.1.gz
llvm-cxxfilt-21	/usr/share/man/man1/llvm-cxxfilt-21.1.gz
llvm-cxxmap-21	/usr/share/man/man1/llvm-cxxmap-21.1.gz
llvm-debuginfo-analyzer-21	/usr/share/man/man1/llvm-debuginfo-analyzer-21.1.gz
llvm-diff-21	/usr/share/man/man1/llvm-diff-21.1.gz
llvm-dis-21	/usr/share/man/man1/llvm-dis-21.1.gz
llvm-dwarfdump-21	/usr/share/man/man1/llvm-dwarfdump-21.1.gz
llvm-dwarfutil-21	/usr/share/man/man1/llvm-dwarfutil-21.1.gz
llvm-exegesis-21	/usr/share/man/man1/llvm-exegesis-21.1.gz
llvm-extract-21	/usr/share/man/man1/llvm-extract-21.1.gz
llvm-ifs-21	/usr/share/man/man1/llvm-ifs-21.1.gz
llvm-install-name-tool-21	/usr/share/man/man1/llvm-install-name-tool-21.1.gz
llvm-lib-21	/usr/share/man/man1/llvm-lib-21.1.gz
llvm-libtool-darwin-21	/usr/share/man/man1/llvm-libtool-darwin-21.1.gz
llvm-link-21	/usr/share/man/man1/llvm-link-21.1.gz
llvm-lipo-21	/usr/share/man/man1/llvm-lipo-21.1.gz
llvm-locstats-21	/usr/share/man/man1/llvm-locstats-21.1.gz
llvm-mc-21	/usr/share/man/man1/llvm-mc-21.1.gz
llvm-mca-21	/usr/share/man/man1/llvm-mca-21.1.gz
llvm-nm-21	/usr/share/man/man1/llvm-nm-21.1.gz
llvm-objcopy-21	/usr/share/man/man1/llvm-objcopy-21.1.gz
llvm-objdump-21	/usr/share/man/man1/llvm-objdump-21.1.gz
llvm-opt-report-21	/usr/share/man/man1/llvm-opt-report-21.1.gz
llvm-otool-21	/usr/share/man/man1/llvm-otool-21.1.gz
llvm-pdbutil-21	/usr/share/man/man1/llvm-pdbutil-21.1.gz
llvm-profdata-21	/usr/share/man/man1/llvm-profdata-21.1.gz
llvm-profgen-21	/usr/share/man/man1/llvm-profgen-21.1.gz
llvm-ranlib-21	/usr/share/man/man1/llvm-ranlib-21.1.gz
llvm-readelf-21	/usr/share/man/man1/llvm-readelf-21.1.gz
llvm-readobj-21	/usr/share/man/man1/llvm-readobj-21.1.gz
llvm-reduce-21	/usr/share/man/man1/llvm-reduce-21.1.gz
llvm-remarkutil-21	/usr/share/man/man1/llvm-remarkutil-21.1.gz
llvm-rtdyld-21	/usr/share/man/man1/llvm-rtdyld-21.1.gz
llvm-size-21	/usr/share/man/man1/llvm-size-21.1.gz
llvm-stress-21	/usr/share/man/man1/llvm-stress-21.1.gz
llvm-strings-21	/usr/share/man/man1/llvm-strings-21.1.gz
llvm-strip-21	/usr/share/man/man1/llvm-strip-21.1.gz
llvm-symbolizer-21	/usr/share/man/man1/llvm-symbolizer-21.1.gz
llvm-tblgen-21	/usr/share/man/man1/llvm-tblgen-21.1.gz
llvm-test-mustache-spec-21	/usr/share/man/man1/llvm-test-mustache-spec-21.1.gz
llvm-tli-checker-21	/usr/share/man/man1/llvm-tli-checker-21.1.gz
loadkeys	/usr/share/man/man1/loadkeys.1.gz
localc	/usr/share/man/man1/localc.1.gz
locale	/usr/share/man/man1/locale.1.gz
localectl	/usr/share/man/man1/localectl.1.gz
localedef	/usr/share/man/man1/localedef.1.gz
lodraw	/usr/share/man/man1/lodraw.1.gz
logger	/usr/share/man/man1/logger.1.gz
login	/usr/share/man/man1/login.1.gz
loginctl	/usr/share/man/man1/loginctl.1.gz
loimpress	/usr/share/man/man1/loimpress.1.gz
lomath	/usr/share/man/man1/lomath.1.gz
look	/usr/share/man/man1/look.1.gz
loweb	/usr/share/man/man1/loweb.1.gz
lowriter	/usr/share/man/man1/lowriter.1.gz
lp	/usr/share/man/man1/lp.1.gz
lpoptions	/usr/share/man/man1/lpoptions.1.gz
lpq	/usr/share/man/man1/lpq.1.gz
lpr	/usr/share/man/man1/lpr.1.gz
lprm	/usr/share/man/man1/lprm.1.gz
lpstat	/usr/share/man/man1/lpstat.1.gz
lsattr	/usr/share/man/man1/lsattr.1.gz
lsb_release	/usr/share/man/man1/lsb_release.1.gz
lsclocks	/usr/share/man/man1/lsclocks.1.gz
lscpu	/usr/share/man/man1/lscpu.1.gz
lsfd	/usr/share/man/man1/lsfd.1.gz
lshw	/usr/share/man/man1/lshw.1.gz
lsinitrd	/usr/share/man/man1/lsinitrd.1.gz
lsipc	/usr/share/man/man1/lsipc.1.gz
lsirq	/usr/share/man/man1/lsirq.1.gz
lslogins	/usr/share/man/man1/lslogins.1.gz
lsmem	/usr/share/man/man1/lsmem.1.gz
lspgpot	/usr/share/man/man1/lspgpot.1.gz
lspower	/usr/share/man/man1/lspower.1.gz
luit	/usr/share/man/man1/luit.1.gz
lwp-download	/usr/share/man/man1/lwp-download.1p.gz
lwp-dump	/usr/share/man/man1/lwp-dump.1p.gz
lwp-mirror	/usr/share/man/man1/lwp-mirror.1p.gz
lwp-request	/usr/share/man/man1/lwp-request.1p.gz
lxqt-config-appearance	/usr/share/man/man1/lxqt-config-appearance.1.gz
lxqt-config-input	/usr/share/man/man1/lxqt-config-input.1.gz
lxqt-config-session	/usr/share/man/man1/lxqt-config-session.1.gz
lxqt-config	/usr/share/man/man1/lxqt-config.1.gz
lxqt-leave	/usr/share/man/man1/lxqt-leave.1.gz
lxqt-openssh-askpass	/usr/share/man/man1/lxqt-openssh-askpass.1.gz
lxqt-panel	/usr/share/man/man1/lxqt-panel.1.gz
lxqt-policykit-agent	/usr/share/man/man1/lxqt-policykit-agent.1.gz
lxqt-runner	/usr/share/man/man1/lxqt-runner.1.gz
lxqt-session	/usr/share/man/man1/lxqt-session.1.gz
lxqt-sudo	/usr/share/man/man1/lxqt-sudo.1.gz
lxterm	/usr/share/man/man1/lxterm.1.gz
lzmainfo	/usr/share/man/man1/lzmainfo.1.gz
m4	/usr/share/man/man1/m4.1.gz
macptopbm	/usr/share/man/man1/macptopbm.1.gz
mail.mailutils	/usr/share/man/man1/mail.mailutils.1.gz
make-first-existing-target	/usr/share/man/man1/make-first-existing-target.1.gz
make	/usr/share/man/man1/make.1.gz
makeconv	/usr/share/man/man1/makeconv.1.gz
makedefs	/usr/share/man/man1/makedefs.1.gz
makeinfo	/usr/share/man/man1/makeinfo.1.gz
man-recode	/usr/share/man/man1/man-recode.1.gz
man	/usr/share/man/man1/man.1.gz
manconv	/usr/share/man/man1/manconv.1.gz
manifest	/usr/share/man/man1/manifest.1.gz
manpath	/usr/share/man/man1/manpath.1.gz
mansect	/usr/share/man/man1/mansect.1.gz
mansectf	/usr/share/man/man1/mansectf.1.gz
mbim-network	/usr/share/man/man1/mbim-network.1.gz
mbimcli	/usr/share/man/man1/mbimcli.1.gz
mcookie	/usr/share/man/man1/mcookie.1.gz
mdatopbm	/usr/share/man/man1/mdatopbm.1.gz
mdig	/usr/share/man/man1/mdig.1.gz
memusage	/usr/share/man/man1/memusage.1.gz
memusagestat	/usr/share/man/man1/memusagestat.1.gz
messages.mailutils	/usr/share/man/man1/messages.mailutils.1.gz
mgrtopbm	/usr/share/man/man1/mgrtopbm.1.gz
migrate-pubring-from-classic-gpg	/usr/share/man/man1/migrate-pubring-from-classic-gpg.1.gz
mimeopen	/usr/share/man/man1/mimeopen.1p.gz
mimetype	/usr/share/man/man1/mimetype.1p.gz
mimeview	/usr/share/man/man1/mimeview.1.gz
min12xxw	/usr/share/man/man1/min12xxw.1.gz
mkfontdir	/usr/share/man/man1/mkfontdir.1.gz
mkfontscale	/usr/share/man/man1/mkfontscale.1.gz
mksquashfs	/usr/share/man/man1/mksquashfs.1.gz
mkzftree	/usr/share/man/man1/mkzftree.1.gz
mlir-tblgen-21	/usr/share/man/man1/mlir-tblgen-21.1.gz
mmcli	/usr/share/man/man1/mmcli.1.gz
modularize-21	/usr/share/man/man1/modularize-21.1.gz
mokutil	/usr/share/man/man1/mokutil.1.gz
more	/usr/share/man/man1/more.1.gz
mountpoint	/usr/share/man/man1/mountpoint.1.gz
movemail.mailutils	/usr/share/man/man1/movemail.mailutils.1.gz
mpris-proxy	/usr/share/man/man1/mpris-proxy.1.gz
mpstat	/usr/share/man/man1/mpstat.1.gz
mrf	/usr/share/man/man1/mrf.1.gz
mrftopbm	/usr/share/man/man1/mrftopbm.1.gz
mscompress	/usr/share/man/man1/mscompress.1.gz
msexpand	/usr/share/man/man1/msexpand.1.gz
mt-gnu	/usr/share/man/man1/mt-gnu.1.gz
mtrace	/usr/share/man/man1/mtrace.1.gz
mtvtoppm	/usr/share/man/man1/mtvtoppm.1.gz
namei	/usr/share/man/man1/namei.1.gz
nano	/usr/share/man/man1/nano.1.gz
nc_openbsd	/usr/share/man/man1/nc_openbsd.1.gz
ncurses6-config	/usr/share/man/man1/ncurses6-config.1.gz
ncursesw6-config	/usr/share/man/man1/ncursesw6-config.1.gz
neotoppm	/usr/share/man/man1/neotoppm.1.gz
neqn	/usr/share/man/man1/neqn.1.gz
netaddr	/usr/share/man/man1/netaddr.1.gz
netpbm	/usr/share/man/man1/netpbm.1.gz
networkctl	/usr/share/man/man1/networkctl.1.gz
newgrp	/usr/share/man/man1/newgrp.1.gz
ngettext	/usr/share/man/man1/ngettext.1.gz
nhlt-dmic-info	/usr/share/man/man1/nhlt-dmic-info.1.gz
ninja	/usr/share/man/man1/ninja.1.gz
nm-applet	/usr/share/man/man1/nm-applet.1.gz
nm-connection-editor	/usr/share/man/man1/nm-connection-editor.1.gz
nm-online	/usr/share/man/man1/nm-online.1.gz
nm	/usr/share/man/man1/nm.1.gz
nmcli	/usr/share/man/man1/nmcli.1.gz
nmtui-connect	/usr/share/man/man1/nmtui-connect.1.gz
nmtui-edit	/usr/share/man/man1/nmtui-edit.1.gz
nmtui-hostname	/usr/share/man/man1/nmtui-hostname.1.gz
nmtui	/usr/share/man/man1/nmtui.1.gz
noblenote	/usr/share/man/man1/noblenote.1.gz
nroff	/usr/share/man/man1/nroff.1.gz
nsenter	/usr/share/man/man1/nsenter.1.gz
nslookup	/usr/share/man/man1/nslookup.1.gz
nsupdate	/usr/share/man/man1/nsupdate.1.gz
nvidia-cuda-mps-control	/usr/share/man/man1/nvidia-cuda-mps-control.1.gz
nvidia-persistenced	/usr/share/man/man1/nvidia-persistenced.1.gz
nvidia-settings	/usr/share/man/man1/nvidia-settings.1.gz
nvidia-smi	/usr/share/man/man1/nvidia-smi.1.gz
nvidia-xconfig	/usr/share/man/man1/nvidia-xconfig.1.gz
oakdecode	/usr/share/man/man1/oakdecode.1.gz
oathtool	/usr/share/man/man1/oathtool.1.gz
obamenu	/usr/share/man/man1/obamenu.1.gz
obexctl	/usr/share/man/man1/obexctl.1.gz
objcopy	/usr/share/man/man1/objcopy.1.gz
objdump	/usr/share/man/man1/objdump.1.gz
obxprop	/usr/share/man/man1/obxprop.1.gz
oclock	/usr/share/man/man1/oclock.1.gz
on_ac_power	/usr/share/man/man1/on_ac_power.1.gz
openbox-session	/usr/share/man/man1/openbox-session.1.gz
openbox	/usr/share/man/man1/openbox.1.gz
openssl-asn1parse	/usr/share/man/man1/openssl-asn1parse.1ssl.gz
openssl-ca	/usr/share/man/man1/openssl-ca.1ssl.gz
openssl-ciphers	/usr/share/man/man1/openssl-ciphers.1ssl.gz
openssl-cmds	/usr/share/man/man1/openssl-cmds.1ssl.gz
openssl-cmp	/usr/share/man/man1/openssl-cmp.1ssl.gz
openssl-cms	/usr/share/man/man1/openssl-cms.1ssl.gz
openssl-crl	/usr/share/man/man1/openssl-crl.1ssl.gz
openssl-crl2pkcs7	/usr/share/man/man1/openssl-crl2pkcs7.1ssl.gz
openssl-dgst	/usr/share/man/man1/openssl-dgst.1ssl.gz
openssl-dhparam	/usr/share/man/man1/openssl-dhparam.1ssl.gz
openssl-dsa	/usr/share/man/man1/openssl-dsa.1ssl.gz
openssl-dsaparam	/usr/share/man/man1/openssl-dsaparam.1ssl.gz
openssl-ec	/usr/share/man/man1/openssl-ec.1ssl.gz
openssl-ecparam	/usr/share/man/man1/openssl-ecparam.1ssl.gz
openssl-enc	/usr/share/man/man1/openssl-enc.1ssl.gz
openssl-engine	/usr/share/man/man1/openssl-engine.1ssl.gz
openssl-errstr	/usr/share/man/man1/openssl-errstr.1ssl.gz
openssl-fipsinstall	/usr/share/man/man1/openssl-fipsinstall.1ssl.gz
openssl-format-options	/usr/share/man/man1/openssl-format-options.1ssl.gz
openssl-gendsa	/usr/share/man/man1/openssl-gendsa.1ssl.gz
openssl-genpkey	/usr/share/man/man1/openssl-genpkey.1ssl.gz
openssl-genrsa	/usr/share/man/man1/openssl-genrsa.1ssl.gz
openssl-info	/usr/share/man/man1/openssl-info.1ssl.gz
openssl-kdf	/usr/share/man/man1/openssl-kdf.1ssl.gz
openssl-list	/usr/share/man/man1/openssl-list.1ssl.gz
openssl-mac	/usr/share/man/man1/openssl-mac.1ssl.gz
openssl-namedisplay-options	/usr/share/man/man1/openssl-namedisplay-options.1ssl.gz
openssl-nseq	/usr/share/man/man1/openssl-nseq.1ssl.gz
openssl-ocsp	/usr/share/man/man1/openssl-ocsp.1ssl.gz
openssl-passphrase-options	/usr/share/man/man1/openssl-passphrase-options.1ssl.gz
openssl-passwd	/usr/share/man/man1/openssl-passwd.1ssl.gz
openssl-pkcs12	/usr/share/man/man1/openssl-pkcs12.1ssl.gz
openssl-pkcs7	/usr/share/man/man1/openssl-pkcs7.1ssl.gz
openssl-pkcs8	/usr/share/man/man1/openssl-pkcs8.1ssl.gz
openssl-pkey	/usr/share/man/man1/openssl-pkey.1ssl.gz
openssl-pkeyparam	/usr/share/man/man1/openssl-pkeyparam.1ssl.gz
openssl-pkeyutl	/usr/share/man/man1/openssl-pkeyutl.1ssl.gz
openssl-prime	/usr/share/man/man1/openssl-prime.1ssl.gz
openssl-rand	/usr/share/man/man1/openssl-rand.1ssl.gz
openssl-rehash	/usr/share/man/man1/openssl-rehash.1ssl.gz
openssl-req	/usr/share/man/man1/openssl-req.1ssl.gz
openssl-rsa	/usr/share/man/man1/openssl-rsa.1ssl.gz
openssl-rsautl	/usr/share/man/man1/openssl-rsautl.1ssl.gz
openssl-s_client	/usr/share/man/man1/openssl-s_client.1ssl.gz
openssl-s_server	/usr/share/man/man1/openssl-s_server.1ssl.gz
openssl-s_time	/usr/share/man/man1/openssl-s_time.1ssl.gz
openssl-sess_id	/usr/share/man/man1/openssl-sess_id.1ssl.gz
openssl-skeyutl	/usr/share/man/man1/openssl-skeyutl.1ssl.gz
openssl-smime	/usr/share/man/man1/openssl-smime.1ssl.gz
openssl-speed	/usr/share/man/man1/openssl-speed.1ssl.gz
openssl-spkac	/usr/share/man/man1/openssl-spkac.1ssl.gz
openssl-srp	/usr/share/man/man1/openssl-srp.1ssl.gz
openssl-storeutl	/usr/share/man/man1/openssl-storeutl.1ssl.gz
openssl-ts	/usr/share/man/man1/openssl-ts.1ssl.gz
openssl-verification-options	/usr/share/man/man1/openssl-verification-options.1ssl.gz
openssl-verify	/usr/share/man/man1/openssl-verify.1ssl.gz
openssl-version	/usr/share/man/man1/openssl-version.1ssl.gz
openssl-x509	/usr/share/man/man1/openssl-x509.1ssl.gz
openssl	/usr/share/man/man1/openssl.1ssl.gz
openvt	/usr/share/man/man1/openvt.1.gz
opldecode	/usr/share/man/man1/opldecode.1.gz
opt-21	/usr/share/man/man1/opt-21.1.gz
orca	/usr/share/man/man1/orca.1.gz
p7zip	/usr/share/man/man1/p7zip.1.gz
palmtopnm	/usr/share/man/man1/palmtopnm.1.gz
pamaddnoise	/usr/share/man/man1/pamaddnoise.1.gz
pamaltsat	/usr/share/man/man1/pamaltsat.1.gz
pamarith	/usr/share/man/man1/pamarith.1.gz
pambackground	/usr/share/man/man1/pambackground.1.gz
pambayer	/usr/share/man/man1/pambayer.1.gz
pambrighten	/usr/share/man/man1/pambrighten.1.gz
pamcat	/usr/share/man/man1/pamcat.1.gz
pamchannel	/usr/share/man/man1/pamchannel.1.gz
pamcomp	/usr/share/man/man1/pamcomp.1.gz
pamcrater	/usr/share/man/man1/pamcrater.1.gz
pamcut	/usr/share/man/man1/pamcut.1.gz
pamdeinterlace	/usr/share/man/man1/pamdeinterlace.1.gz
pamdepth	/usr/share/man/man1/pamdepth.1.gz
pamdice	/usr/share/man/man1/pamdice.1.gz
pamditherbw	/usr/share/man/man1/pamditherbw.1.gz
pamedge	/usr/share/man/man1/pamedge.1.gz
pamendian	/usr/share/man/man1/pamendian.1.gz
pamenlarge	/usr/share/man/man1/pamenlarge.1.gz
pamexec	/usr/share/man/man1/pamexec.1.gz
pamfile	/usr/share/man/man1/pamfile.1.gz
pamfind	/usr/share/man/man1/pamfind.1.gz
pamfix	/usr/share/man/man1/pamfix.1.gz
pamfixtrunc	/usr/share/man/man1/pamfixtrunc.1.gz
pamflip	/usr/share/man/man1/pamflip.1.gz
pamfunc	/usr/share/man/man1/pamfunc.1.gz
pamgauss	/usr/share/man/man1/pamgauss.1.gz
pamgetcolor	/usr/share/man/man1/pamgetcolor.1.gz
pamgradient	/usr/share/man/man1/pamgradient.1.gz
pamhomography	/usr/share/man/man1/pamhomography.1.gz
pamhue	/usr/share/man/man1/pamhue.1.gz
pamlevels	/usr/share/man/man1/pamlevels.1.gz
pamlookup	/usr/share/man/man1/pamlookup.1.gz
pammasksharpen	/usr/share/man/man1/pammasksharpen.1.gz
pammixinterlace	/usr/share/man/man1/pammixinterlace.1.gz
pammixmulti	/usr/share/man/man1/pammixmulti.1.gz
pammosaicknit	/usr/share/man/man1/pammosaicknit.1.gz
pamoil	/usr/share/man/man1/pamoil.1.gz
pampaintspill	/usr/share/man/man1/pampaintspill.1.gz
pamperspective	/usr/share/man/man1/pamperspective.1.gz
pampick	/usr/share/man/man1/pampick.1.gz
pampop9	/usr/share/man/man1/pampop9.1.gz
pamrecolor	/usr/share/man/man1/pamrecolor.1.gz
pamrestack	/usr/share/man/man1/pamrestack.1.gz
pamrgbatopng	/usr/share/man/man1/pamrgbatopng.1.gz
pamrubber	/usr/share/man/man1/pamrubber.1.gz
pamscale	/usr/share/man/man1/pamscale.1.gz
pamseq	/usr/share/man/man1/pamseq.1.gz
pamshadedrelief	/usr/share/man/man1/pamshadedrelief.1.gz
pamsharpmap	/usr/share/man/man1/pamsharpmap.1.gz
pamsharpness	/usr/share/man/man1/pamsharpness.1.gz
pamshuffle	/usr/share/man/man1/pamshuffle.1.gz
pamsistoaglyph	/usr/share/man/man1/pamsistoaglyph.1.gz
pamslice	/usr/share/man/man1/pamslice.1.gz
pamsplit	/usr/share/man/man1/pamsplit.1.gz
pamstack	/usr/share/man/man1/pamstack.1.gz
pamstereogram	/usr/share/man/man1/pamstereogram.1.gz
pamstretch-gen	/usr/share/man/man1/pamstretch-gen.1.gz
pamstretch	/usr/share/man/man1/pamstretch.1.gz
pamsumm	/usr/share/man/man1/pamsumm.1.gz
pamsummcol	/usr/share/man/man1/pamsummcol.1.gz
pamtable	/usr/share/man/man1/pamtable.1.gz
pamthreshold	/usr/share/man/man1/pamthreshold.1.gz
pamtilt	/usr/share/man/man1/pamtilt.1.gz
pamtoavs	/usr/share/man/man1/pamtoavs.1.gz
pamtodjvurle	/usr/share/man/man1/pamtodjvurle.1.gz
pamtofits	/usr/share/man/man1/pamtofits.1.gz
pamtogif	/usr/share/man/man1/pamtogif.1.gz
pamtohdiff	/usr/share/man/man1/pamtohdiff.1.gz
pamtohtmltbl	/usr/share/man/man1/pamtohtmltbl.1.gz
pamtojpeg2k	/usr/share/man/man1/pamtojpeg2k.1.gz
pamtompfont	/usr/share/man/man1/pamtompfont.1.gz
pamtooctaveimg	/usr/share/man/man1/pamtooctaveimg.1.gz
pamtopam	/usr/share/man/man1/pamtopam.1.gz
pamtopdbimg	/usr/share/man/man1/pamtopdbimg.1.gz
pamtopfm	/usr/share/man/man1/pamtopfm.1.gz
pamtopng	/usr/share/man/man1/pamtopng.1.gz
pamtopnm	/usr/share/man/man1/pamtopnm.1.gz
pamtoqoi	/usr/share/man/man1/pamtoqoi.1.gz
pamtosrf	/usr/share/man/man1/pamtosrf.1.gz
pamtosvg	/usr/share/man/man1/pamtosvg.1.gz
pamtotga	/usr/share/man/man1/pamtotga.1.gz
pamtotiff	/usr/share/man/man1/pamtotiff.1.gz
pamtouil	/usr/share/man/man1/pamtouil.1.gz
pamtowinicon	/usr/share/man/man1/pamtowinicon.1.gz
pamtoxvmini	/usr/share/man/man1/pamtoxvmini.1.gz
pamtris	/usr/share/man/man1/pamtris.1.gz
pamundice	/usr/share/man/man1/pamundice.1.gz
pamunlookup	/usr/share/man/man1/pamunlookup.1.gz
pamvalidate	/usr/share/man/man1/pamvalidate.1.gz
pamwipeout	/usr/share/man/man1/pamwipeout.1.gz
pamx	/usr/share/man/man1/pamx.1.gz
pango-list	/usr/share/man/man1/pango-list.1.gz
pango-segmentation	/usr/share/man/man1/pango-segmentation.1.gz
pango-view	/usr/share/man/man1/pango-view.1.gz
paper	/usr/share/man/man1/paper.1.gz
pass-otp	/usr/share/man/man1/pass-otp.1.gz
pass	/usr/share/man/man1/pass.1.gz
passwd	/usr/share/man/man1/passwd.1.gz
pastebinit	/usr/share/man/man1/pastebinit.1.gz
pbget	/usr/share/man/man1/pbget.1.gz
pbmclean	/usr/share/man/man1/pbmclean.1.gz
pbmlife	/usr/share/man/man1/pbmlife.1.gz
pbmmake	/usr/share/man/man1/pbmmake.1.gz
pbmmask	/usr/share/man/man1/pbmmask.1.gz
pbmminkowski	/usr/share/man/man1/pbmminkowski.1.gz
pbmnoise	/usr/share/man/man1/pbmnoise.1.gz
pbmpage	/usr/share/man/man1/pbmpage.1.gz
pbmpscale	/usr/share/man/man1/pbmpscale.1.gz
pbmreduce	/usr/share/man/man1/pbmreduce.1.gz
pbmtext	/usr/share/man/man1/pbmtext.1.gz
pbmtextps	/usr/share/man/man1/pbmtextps.1.gz
pbmto10x	/usr/share/man/man1/pbmto10x.1.gz
pbmto4425	/usr/share/man/man1/pbmto4425.1.gz
pbmtoascii	/usr/share/man/man1/pbmtoascii.1.gz
pbmtoatk	/usr/share/man/man1/pbmtoatk.1.gz
pbmtobbnbg	/usr/share/man/man1/pbmtobbnbg.1.gz
pbmtocis	/usr/share/man/man1/pbmtocis.1.gz
pbmtocmuwm	/usr/share/man/man1/pbmtocmuwm.1.gz
pbmtodjvurle	/usr/share/man/man1/pbmtodjvurle.1.gz
pbmtoepsi	/usr/share/man/man1/pbmtoepsi.1.gz
pbmtoepson	/usr/share/man/man1/pbmtoepson.1.gz
pbmtoescp2	/usr/share/man/man1/pbmtoescp2.1.gz
pbmtog3	/usr/share/man/man1/pbmtog3.1.gz
pbmtogem	/usr/share/man/man1/pbmtogem.1.gz
pbmtogo	/usr/share/man/man1/pbmtogo.1.gz
pbmtoibm23xx	/usr/share/man/man1/pbmtoibm23xx.1.gz
pbmtoicon	/usr/share/man/man1/pbmtoicon.1.gz
pbmtolj	/usr/share/man/man1/pbmtolj.1.gz
pbmtoln03	/usr/share/man/man1/pbmtoln03.1.gz
pbmtolps	/usr/share/man/man1/pbmtolps.1.gz
pbmtomacp	/usr/share/man/man1/pbmtomacp.1.gz
pbmtomatrixorbital	/usr/share/man/man1/pbmtomatrixorbital.1.gz
pbmtomda	/usr/share/man/man1/pbmtomda.1.gz
pbmtomgr	/usr/share/man/man1/pbmtomgr.1.gz
pbmtomrf	/usr/share/man/man1/pbmtomrf.1.gz
pbmtonokia	/usr/share/man/man1/pbmtonokia.1.gz
pbmtopgm	/usr/share/man/man1/pbmtopgm.1.gz
pbmtopi3	/usr/share/man/man1/pbmtopi3.1.gz
pbmtopk	/usr/share/man/man1/pbmtopk.1.gz
pbmtoplot	/usr/share/man/man1/pbmtoplot.1.gz
pbmtoppa	/usr/share/man/man1/pbmtoppa.1.gz
pbmtopsg3	/usr/share/man/man1/pbmtopsg3.1.gz
pbmtoptx	/usr/share/man/man1/pbmtoptx.1.gz
pbmtosunicon	/usr/share/man/man1/pbmtosunicon.1.gz
pbmtowbmp	/usr/share/man/man1/pbmtowbmp.1.gz
pbmtox10bm	/usr/share/man/man1/pbmtox10bm.1.gz
pbmtoxbm	/usr/share/man/man1/pbmtoxbm.1.gz
pbmtoybm	/usr/share/man/man1/pbmtoybm.1.gz
pbmtozinc	/usr/share/man/man1/pbmtozinc.1.gz
pbmupc	/usr/share/man/man1/pbmupc.1.gz
pbput	/usr/share/man/man1/pbput.1.gz
pbputs	/usr/share/man/man1/pbputs.1.gz
pc1toppm	/usr/share/man/man1/pc1toppm.1.gz
pcdindex	/usr/share/man/man1/pcdindex.1.gz
pcdovtoppm	/usr/share/man/man1/pcdovtoppm.1.gz
pcmanfm-qt	/usr/share/man/man1/pcmanfm-qt.1.gz
pcre2-config	/usr/share/man/man1/pcre2-config.1.gz
pcxtoppm	/usr/share/man/man1/pcxtoppm.1.gz
pdb3.14	/usr/share/man/man1/pdb3.14.1.gz
pdbimgtopam	/usr/share/man/man1/pdbimgtopam.1.gz
pdf2ps	/usr/share/man/man1/pdf2ps.1.gz
pdfattach	/usr/share/man/man1/pdfattach.1.gz
pdfdetach	/usr/share/man/man1/pdfdetach.1.gz
pdffonts	/usr/share/man/man1/pdffonts.1.gz
pdfimages	/usr/share/man/man1/pdfimages.1.gz
pdfinfo	/usr/share/man/man1/pdfinfo.1.gz
pdfman	/usr/share/man/man1/pdfman.1.gz
pdfseparate	/usr/share/man/man1/pdfseparate.1.gz
pdfsig	/usr/share/man/man1/pdfsig.1.gz
pdftocairo	/usr/share/man/man1/pdftocairo.1.gz
pdftohtml	/usr/share/man/man1/pdftohtml.1.gz
pdftoppm	/usr/share/man/man1/pdftoppm.1.gz
pdftops	/usr/share/man/man1/pdftops.1.gz
pdftotext	/usr/share/man/man1/pdftotext.1.gz
pdfunite	/usr/share/man/man1/pdfunite.1.gz
peekfd	/usr/share/man/man1/peekfd.1.gz
perf-amd-ibs	/usr/share/man/man1/perf-amd-ibs.1.gz
perf-annotate	/usr/share/man/man1/perf-annotate.1.gz
perf-archive	/usr/share/man/man1/perf-archive.1.gz
perf-arm-spe	/usr/share/man/man1/perf-arm-spe.1.gz
perf-bench	/usr/share/man/man1/perf-bench.1.gz
perf-buildid-cache	/usr/share/man/man1/perf-buildid-cache.1.gz
perf-buildid-list	/usr/share/man/man1/perf-buildid-list.1.gz
perf-c2c	/usr/share/man/man1/perf-c2c.1.gz
perf-check	/usr/share/man/man1/perf-check.1.gz
perf-config	/usr/share/man/man1/perf-config.1.gz
perf-daemon	/usr/share/man/man1/perf-daemon.1.gz
perf-data	/usr/share/man/man1/perf-data.1.gz
perf-diff	/usr/share/man/man1/perf-diff.1.gz
perf-dlfilter	/usr/share/man/man1/perf-dlfilter.1.gz
perf-evlist	/usr/share/man/man1/perf-evlist.1.gz
perf-ftrace	/usr/share/man/man1/perf-ftrace.1.gz
perf-help	/usr/share/man/man1/perf-help.1.gz
perf-inject	/usr/share/man/man1/perf-inject.1.gz
perf-intel-pt	/usr/share/man/man1/perf-intel-pt.1.gz
perf-iostat	/usr/share/man/man1/perf-iostat.1.gz
perf-kallsyms	/usr/share/man/man1/perf-kallsyms.1.gz
perf-kmem	/usr/share/man/man1/perf-kmem.1.gz
perf-kvm	/usr/share/man/man1/perf-kvm.1.gz
perf-kwork	/usr/share/man/man1/perf-kwork.1.gz
perf-list	/usr/share/man/man1/perf-list.1.gz
perf-lock	/usr/share/man/man1/perf-lock.1.gz
perf-mem	/usr/share/man/man1/perf-mem.1.gz
perf-probe	/usr/share/man/man1/perf-probe.1.gz
perf-record	/usr/share/man/man1/perf-record.1.gz
perf-report	/usr/share/man/man1/perf-report.1.gz
perf-sched	/usr/share/man/man1/perf-sched.1.gz
perf-script-perl	/usr/share/man/man1/perf-script-perl.1.gz
perf-script-python	/usr/share/man/man1/perf-script-python.1.gz
perf-script	/usr/share/man/man1/perf-script.1.gz
perf-stat	/usr/share/man/man1/perf-stat.1.gz
perf-test	/usr/share/man/man1/perf-test.1.gz
perf-timechart	/usr/share/man/man1/perf-timechart.1.gz
perf-top	/usr/share/man/man1/perf-top.1.gz
perf-trace	/usr/share/man/man1/perf-trace.1.gz
perf-version	/usr/share/man/man1/perf-version.1.gz
perf	/usr/share/man/man1/perf.1.gz
perl	/usr/share/man/man1/perl.1.gz
perl5.40-x86_64-linux-gnu	/usr/share/man/man1/perl5.40-x86_64-linux-gnu.1.gz
perlbug	/usr/share/man/man1/perlbug.1.gz
perlivp	/usr/share/man/man1/perlivp.1.gz
pf2afm	/usr/share/man/man1/pf2afm.1.gz
pfbtopfa	/usr/share/man/man1/pfbtopfa.1.gz
pfmtopam	/usr/share/man/man1/pfmtopam.1.gz
pg_config	/usr/share/man/man1/pg_config.1.gz
pgmabel	/usr/share/man/man1/pgmabel.1.gz
pgmbentley	/usr/share/man/man1/pgmbentley.1.gz
pgmcrater	/usr/share/man/man1/pgmcrater.1.gz
pgmdeshadow	/usr/share/man/man1/pgmdeshadow.1.gz
pgmedge	/usr/share/man/man1/pgmedge.1.gz
pgmenhance	/usr/share/man/man1/pgmenhance.1.gz
pgmhist	/usr/share/man/man1/pgmhist.1.gz
pgmkernel	/usr/share/man/man1/pgmkernel.1.gz
pgmmake	/usr/share/man/man1/pgmmake.1.gz
pgmmedian	/usr/share/man/man1/pgmmedian.1.gz
pgmminkowski	/usr/share/man/man1/pgmminkowski.1.gz
pgmmorphconv	/usr/share/man/man1/pgmmorphconv.1.gz
pgmnoise	/usr/share/man/man1/pgmnoise.1.gz
pgmnorm	/usr/share/man/man1/pgmnorm.1.gz
pgmoil	/usr/share/man/man1/pgmoil.1.gz
pgmramp	/usr/share/man/man1/pgmramp.1.gz
pgmslice	/usr/share/man/man1/pgmslice.1.gz
pgmtexture	/usr/share/man/man1/pgmtexture.1.gz
pgmtofs	/usr/share/man/man1/pgmtofs.1.gz
pgmtolispm	/usr/share/man/man1/pgmtolispm.1.gz
pgmtopbm	/usr/share/man/man1/pgmtopbm.1.gz
pgmtopgm	/usr/share/man/man1/pgmtopgm.1.gz
pgmtoppm	/usr/share/man/man1/pgmtoppm.1.gz
pgmtosbig	/usr/share/man/man1/pgmtosbig.1.gz
pgmtost4	/usr/share/man/man1/pgmtost4.1.gz
pi1toppm	/usr/share/man/man1/pi1toppm.1.gz
pi3topbm	/usr/share/man/man1/pi3topbm.1.gz
pic	/usr/share/man/man1/pic.1.gz
picom-conf	/usr/share/man/man1/picom-conf.1.gz
picom-inspect	/usr/share/man/man1/picom-inspect.1.gz
picom-trans	/usr/share/man/man1/picom-trans.1.gz
picom	/usr/share/man/man1/picom.1.gz
piconv	/usr/share/man/man1/piconv.1.gz
picttoppm	/usr/share/man/man1/picttoppm.1.gz
pidstat	/usr/share/man/man1/pidstat.1.gz
pigz	/usr/share/man/man1/pigz.1.gz
pinentry-qt	/usr/share/man/man1/pinentry-qt.1.gz
pipesz	/usr/share/man/man1/pipesz.1.gz
pipewire-pulse	/usr/share/man/man1/pipewire-pulse.1.gz
pipewire	/usr/share/man/man1/pipewire.1.gz
pjtoppm	/usr/share/man/man1/pjtoppm.1.gz
pkaction	/usr/share/man/man1/pkaction.1.gz
pkcheck	/usr/share/man/man1/pkcheck.1.gz
pkgcli	/usr/share/man/man1/pkgcli.1.gz
pkgconf	/usr/share/man/man1/pkgconf.1.gz
pkgdata	/usr/share/man/man1/pkgdata.1.gz
pktopbm	/usr/share/man/man1/pktopbm.1.gz
pkttyagent	/usr/share/man/man1/pkttyagent.1.gz
pl2pm	/usr/share/man/man1/pl2pm.1.gz
pldd	/usr/share/man/man1/pldd.1.gz
plymouth	/usr/share/man/man1/plymouth.1.gz
pm-gawk	/usr/share/man/man1/pm-gawk.1.gz
pmap	/usr/share/man/man1/pmap.1.gz
pngtopam	/usr/share/man/man1/pngtopam.1.gz
pngtopnm	/usr/share/man/man1/pngtopnm.1.gz
pnm2ppa	/usr/share/man/man1/pnm2ppa.1.gz
pnmalias	/usr/share/man/man1/pnmalias.1.gz
pnmarith	/usr/share/man/man1/pnmarith.1.gz
pnmcat	/usr/share/man/man1/pnmcat.1.gz
pnmcolormap	/usr/share/man/man1/pnmcolormap.1.gz
pnmcomp	/usr/share/man/man1/pnmcomp.1.gz
pnmconvol	/usr/share/man/man1/pnmconvol.1.gz
pnmcrop	/usr/share/man/man1/pnmcrop.1.gz
pnmcut	/usr/share/man/man1/pnmcut.1.gz
pnmdepth	/usr/share/man/man1/pnmdepth.1.gz
pnmenlarge	/usr/share/man/man1/pnmenlarge.1.gz
pnmfile	/usr/share/man/man1/pnmfile.1.gz
pnmflip	/usr/share/man/man1/pnmflip.1.gz
pnmgamma	/usr/share/man/man1/pnmgamma.1.gz
pnmhisteq	/usr/share/man/man1/pnmhisteq.1.gz
pnmhistmap	/usr/share/man/man1/pnmhistmap.1.gz
pnmindex	/usr/share/man/man1/pnmindex.1.gz
pnminterp	/usr/share/man/man1/pnminterp.1.gz
pnminvert	/usr/share/man/man1/pnminvert.1.gz
pnmmargin	/usr/share/man/man1/pnmmargin.1.gz
pnmmercator	/usr/share/man/man1/pnmmercator.1.gz
pnmmontage	/usr/share/man/man1/pnmmontage.1.gz
pnmnlfilt	/usr/share/man/man1/pnmnlfilt.1.gz
pnmnoraw	/usr/share/man/man1/pnmnoraw.1.gz
pnmnorm	/usr/share/man/man1/pnmnorm.1.gz
pnmpad	/usr/share/man/man1/pnmpad.1.gz
pnmpaste	/usr/share/man/man1/pnmpaste.1.gz
pnmpsnr	/usr/share/man/man1/pnmpsnr.1.gz
pnmquant	/usr/share/man/man1/pnmquant.1.gz
pnmquantall	/usr/share/man/man1/pnmquantall.1.gz
pnmremap	/usr/share/man/man1/pnmremap.1.gz
pnmrotate	/usr/share/man/man1/pnmrotate.1.gz
pnmscale	/usr/share/man/man1/pnmscale.1.gz
pnmscalefixed	/usr/share/man/man1/pnmscalefixed.1.gz
pnmshear	/usr/share/man/man1/pnmshear.1.gz
pnmsmooth	/usr/share/man/man1/pnmsmooth.1.gz
pnmsplit	/usr/share/man/man1/pnmsplit.1.gz
pnmstitch	/usr/share/man/man1/pnmstitch.1.gz
pnmtile	/usr/share/man/man1/pnmtile.1.gz
pnmtoddif	/usr/share/man/man1/pnmtoddif.1.gz
pnmtofiasco	/usr/share/man/man1/pnmtofiasco.1.gz
pnmtofits	/usr/share/man/man1/pnmtofits.1.gz
pnmtojbig	/usr/share/man/man1/pnmtojbig.1.gz
pnmtojpeg	/usr/share/man/man1/pnmtojpeg.1.gz
pnmtopalm	/usr/share/man/man1/pnmtopalm.1.gz
pnmtopclxl	/usr/share/man/man1/pnmtopclxl.1.gz
pnmtoplainpnm	/usr/share/man/man1/pnmtoplainpnm.1.gz
pnmtopng	/usr/share/man/man1/pnmtopng.1.gz
pnmtopnm	/usr/share/man/man1/pnmtopnm.1.gz
pnmtops	/usr/share/man/man1/pnmtops.1.gz
pnmtorast	/usr/share/man/man1/pnmtorast.1.gz
pnmtorle	/usr/share/man/man1/pnmtorle.1.gz
pnmtosgi	/usr/share/man/man1/pnmtosgi.1.gz
pnmtosir	/usr/share/man/man1/pnmtosir.1.gz
pnmtotiff	/usr/share/man/man1/pnmtotiff.1.gz
pnmtotiffcmyk	/usr/share/man/man1/pnmtotiffcmyk.1.gz
pnmtoxwd	/usr/share/man/man1/pnmtoxwd.1.gz
pod2html	/usr/share/man/man1/pod2html.1.gz
pod2man	/usr/share/man/man1/pod2man.1.gz
pod2texi	/usr/share/man/man1/pod2texi.1.gz
pod2text	/usr/share/man/man1/pod2text.1.gz
pod2usage	/usr/share/man/man1/pod2usage.1.gz
podchecker	/usr/share/man/man1/podchecker.1.gz
pon	/usr/share/man/man1/pon.1.gz
pon.wvdial	/usr/share/man/man1/pon.wvdial.1.gz
postalias	/usr/share/man/man1/postalias.1.gz
postcat	/usr/share/man/man1/postcat.1.gz
postconf	/usr/share/man/man1/postconf.1.gz
postdrop	/usr/share/man/man1/postdrop.1.gz
postfix-collate	/usr/share/man/man1/postfix-collate.1.gz
postfix-tls	/usr/share/man/man1/postfix-tls.1.gz
postfix	/usr/share/man/man1/postfix.1.gz
postkick	/usr/share/man/man1/postkick.1.gz
postlock	/usr/share/man/man1/postlock.1.gz
postlog	/usr/share/man/man1/postlog.1.gz
postmap	/usr/share/man/man1/postmap.1.gz
postmulti	/usr/share/man/man1/postmulti.1.gz
postqueue	/usr/share/man/man1/postqueue.1.gz
postsuper	/usr/share/man/man1/postsuper.1.gz
posttls-finger	/usr/share/man/man1/posttls-finger.1.gz
ppdc	/usr/share/man/man1/ppdc.1.gz
ppdhtml	/usr/share/man/man1/ppdhtml.1.gz
ppdi	/usr/share/man/man1/ppdi.1.gz
ppdmerge	/usr/share/man/man1/ppdmerge.1.gz
ppdpo	/usr/share/man/man1/ppdpo.1.gz
ppm3d	/usr/share/man/man1/ppm3d.1.gz
ppmbrighten	/usr/share/man/man1/ppmbrighten.1.gz
ppmchange	/usr/share/man/man1/ppmchange.1.gz
ppmcie	/usr/share/man/man1/ppmcie.1.gz
ppmcolormask	/usr/share/man/man1/ppmcolormask.1.gz
ppmcolors	/usr/share/man/man1/ppmcolors.1.gz
ppmdcfont	/usr/share/man/man1/ppmdcfont.1.gz
ppmddumpfont	/usr/share/man/man1/ppmddumpfont.1.gz
ppmdim	/usr/share/man/man1/ppmdim.1.gz
ppmdist	/usr/share/man/man1/ppmdist.1.gz
ppmdither	/usr/share/man/man1/ppmdither.1.gz
ppmdmkfont	/usr/share/man/man1/ppmdmkfont.1.gz
ppmdraw	/usr/share/man/man1/ppmdraw.1.gz
ppmfade	/usr/share/man/man1/ppmfade.1.gz
ppmflash	/usr/share/man/man1/ppmflash.1.gz
ppmforge	/usr/share/man/man1/ppmforge.1.gz
ppmglobe	/usr/share/man/man1/ppmglobe.1.gz
ppmhist	/usr/share/man/man1/ppmhist.1.gz
ppmlabel	/usr/share/man/man1/ppmlabel.1.gz
ppmmake	/usr/share/man/man1/ppmmake.1.gz
ppmmix	/usr/share/man/man1/ppmmix.1.gz
ppmnorm	/usr/share/man/man1/ppmnorm.1.gz
ppmntsc	/usr/share/man/man1/ppmntsc.1.gz
ppmpat	/usr/share/man/man1/ppmpat.1.gz
ppmquant	/usr/share/man/man1/ppmquant.1.gz
ppmquantall	/usr/share/man/man1/ppmquantall.1.gz
ppmrainbow	/usr/share/man/man1/ppmrainbow.1.gz
ppmrelief	/usr/share/man/man1/ppmrelief.1.gz
ppmrough	/usr/share/man/man1/ppmrough.1.gz
ppmshadow	/usr/share/man/man1/ppmshadow.1.gz
ppmshift	/usr/share/man/man1/ppmshift.1.gz
ppmspread	/usr/share/man/man1/ppmspread.1.gz
ppmtoacad	/usr/share/man/man1/ppmtoacad.1.gz
ppmtoapplevol	/usr/share/man/man1/ppmtoapplevol.1.gz
ppmtoarbtxt	/usr/share/man/man1/ppmtoarbtxt.1.gz
ppmtoascii	/usr/share/man/man1/ppmtoascii.1.gz
ppmtobmp	/usr/share/man/man1/ppmtobmp.1.gz
ppmtoeyuv	/usr/share/man/man1/ppmtoeyuv.1.gz
ppmtogif	/usr/share/man/man1/ppmtogif.1.gz
ppmtoicr	/usr/share/man/man1/ppmtoicr.1.gz
ppmtoilbm	/usr/share/man/man1/ppmtoilbm.1.gz
ppmtojpeg	/usr/share/man/man1/ppmtojpeg.1.gz
ppmtoleaf	/usr/share/man/man1/ppmtoleaf.1.gz
ppmtolj	/usr/share/man/man1/ppmtolj.1.gz
ppmtomap	/usr/share/man/man1/ppmtomap.1.gz
ppmtomitsu	/usr/share/man/man1/ppmtomitsu.1.gz
ppmtompeg	/usr/share/man/man1/ppmtompeg.1.gz
ppmtoneo	/usr/share/man/man1/ppmtoneo.1.gz
ppmtopcx	/usr/share/man/man1/ppmtopcx.1.gz
ppmtopgm	/usr/share/man/man1/ppmtopgm.1.gz
ppmtopi1	/usr/share/man/man1/ppmtopi1.1.gz
ppmtopict	/usr/share/man/man1/ppmtopict.1.gz
ppmtopj	/usr/share/man/man1/ppmtopj.1.gz
ppmtopjxl	/usr/share/man/man1/ppmtopjxl.1.gz
ppmtoppm	/usr/share/man/man1/ppmtoppm.1.gz
ppmtopuzz	/usr/share/man/man1/ppmtopuzz.1.gz
ppmtorgb3	/usr/share/man/man1/ppmtorgb3.1.gz
ppmtosixel	/usr/share/man/man1/ppmtosixel.1.gz
ppmtospu	/usr/share/man/man1/ppmtospu.1.gz
ppmtoterm	/usr/share/man/man1/ppmtoterm.1.gz
ppmtotga	/usr/share/man/man1/ppmtotga.1.gz
ppmtouil	/usr/share/man/man1/ppmtouil.1.gz
ppmtowinicon	/usr/share/man/man1/ppmtowinicon.1.gz
ppmtoxpm	/usr/share/man/man1/ppmtoxpm.1.gz
ppmtoyuv	/usr/share/man/man1/ppmtoyuv.1.gz
ppmtoyuvsplit	/usr/share/man/man1/ppmtoyuvsplit.1.gz
ppmtv	/usr/share/man/man1/ppmtv.1.gz
ppmwheel	/usr/share/man/man1/ppmwheel.1.gz
preconv	/usr/share/man/man1/preconv.1.gz
prezip-bin	/usr/share/man/man1/prezip-bin.1.gz
prezip	/usr/share/man/man1/prezip.1.gz
printafm	/usr/share/man/man1/printafm.1.gz
printer-profile	/usr/share/man/man1/printer-profile.1.gz
prlimit	/usr/share/man/man1/prlimit.1.gz
prove	/usr/share/man/man1/prove.1.gz
prtstat	/usr/share/man/man1/prtstat.1.gz
ps2ascii	/usr/share/man/man1/ps2ascii.1.gz
ps2epsi	/usr/share/man/man1/ps2epsi.1.gz
ps2pdf	/usr/share/man/man1/ps2pdf.1.gz
ps2pdfwr	/usr/share/man/man1/ps2pdfwr.1.gz
ps2ps	/usr/share/man/man1/ps2ps.1.gz
psfaddtable	/usr/share/man/man1/psfaddtable.1.gz
psfgettable	/usr/share/man/man1/psfgettable.1.gz
psfstriptable	/usr/share/man/man1/psfstriptable.1.gz
psfxtable	/usr/share/man/man1/psfxtable.1.gz
psicc	/usr/share/man/man1/psicc.1.gz
psidtopgm	/usr/share/man/man1/psidtopgm.1.gz
pslog	/usr/share/man/man1/pslog.1.gz
pstopnm	/usr/share/man/man1/pstopnm.1.gz
pstree	/usr/share/man/man1/pstree.1.gz
ptar	/usr/share/man/man1/ptar.1.gz
ptardiff	/usr/share/man/man1/ptardiff.1.gz
ptargrep	/usr/share/man/man1/ptargrep.1.gz
purge-old-kernels	/usr/share/man/man1/purge-old-kernels.1.gz
pw-cat	/usr/share/man/man1/pw-cat.1.gz
pw-cli	/usr/share/man/man1/pw-cli.1.gz
pw-config	/usr/share/man/man1/pw-config.1.gz
pw-container	/usr/share/man/man1/pw-container.1.gz
pw-dot	/usr/share/man/man1/pw-dot.1.gz
pw-dump	/usr/share/man/man1/pw-dump.1.gz
pw-link	/usr/share/man/man1/pw-link.1.gz
pw-loopback	/usr/share/man/man1/pw-loopback.1.gz
pw-metadata	/usr/share/man/man1/pw-metadata.1.gz
pw-mididump	/usr/share/man/man1/pw-mididump.1.gz
pw-mon	/usr/share/man/man1/pw-mon.1.gz
pw-profiler	/usr/share/man/man1/pw-profiler.1.gz
pw-reserve	/usr/share/man/man1/pw-reserve.1.gz
pw-top	/usr/share/man/man1/pw-top.1.gz
pwdx	/usr/share/man/man1/pwdx.1.gz
pwgen	/usr/share/man/man1/pwgen.1.gz
py3clean	/usr/share/man/man1/py3clean.1.gz
py3compile	/usr/share/man/man1/py3compile.1.gz
py3versions	/usr/share/man/man1/py3versions.1.gz
pydoc3.14	/usr/share/man/man1/pydoc3.14.1.gz
pygettext3.14	/usr/share/man/man1/pygettext3.14.1.gz
pygmentize	/usr/share/man/man1/pygmentize.1.gz
python3.14	/usr/share/man/man1/python3.14.1.gz
pzstd	/usr/share/man/man1/pzstd.1.gz
qalculate-qt	/usr/share/man/man1/qalculate-qt.1.gz
qlipper	/usr/share/man/man1/qlipper.1.gz
qmi-firmware-update	/usr/share/man/man1/qmi-firmware-update.1.gz
qmi-network	/usr/share/man/man1/qmi-network.1.gz
qmicli	/usr/share/man/man1/qmicli.1.gz
qmqp-sink	/usr/share/man/man1/qmqp-sink.1.gz
qmqp-source	/usr/share/man/man1/qmqp-source.1.gz
qoitopam	/usr/share/man/man1/qoitopam.1.gz
qpdfview	/usr/share/man/man1/qpdfview.1.gz
qpdldecode	/usr/share/man/man1/qpdldecode.1.gz
qps	/usr/share/man/man1/qps.1.gz
qrencode	/usr/share/man/man1/qrencode.1.gz
qrttoppm	/usr/share/man/man1/qrttoppm.1.gz
qshape	/usr/share/man/man1/qshape.1.gz
qterminal	/usr/share/man/man1/qterminal.1.gz
qtpass	/usr/share/man/man1/qtpass.1.gz
ranlib	/usr/share/man/man1/ranlib.1.gz
rasttopnm	/usr/share/man/man1/rasttopnm.1.gz
rawtopgm	/usr/share/man/man1/rawtopgm.1.gz
rawtoppm	/usr/share/man/man1/rawtoppm.1.gz
rbash	/usr/share/man/man1/rbash.1.gz
rctest	/usr/share/man/man1/rctest.1.gz
rdjpgcom	/usr/share/man/man1/rdjpgcom.1.gz
readelf	/usr/share/man/man1/readelf.1.gz
readmsg.mailutils	/usr/share/man/man1/readmsg.mailutils.1.gz
redshift	/usr/share/man/man1/redshift.1.gz
rename.ul	/usr/share/man/man1/rename.ul.1.gz
rendercheck	/usr/share/man/man1/rendercheck.1.gz
renice	/usr/share/man/man1/renice.1.gz
resize	/usr/share/man/man1/resize.1.gz
resolvectl	/usr/share/man/man1/resolvectl.1.gz
rev	/usr/share/man/man1/rev.1.gz
rfcomm	/usr/share/man/man1/rfcomm.1.gz
rg	/usr/share/man/man1/rg.1.gz
rgb3toppm	/usr/share/man/man1/rgb3toppm.1.gz
rlatopam	/usr/share/man/man1/rlatopam.1.gz
rletopnm	/usr/share/man/man1/rletopnm.1.gz
rnano	/usr/share/man/man1/rnano.1.gz
rpcgen	/usr/share/man/man1/rpcgen.1.gz
rrsync	/usr/share/man/man1/rrsync.1.gz
rstart	/usr/share/man/man1/rstart.1.gz
rstartd	/usr/share/man/man1/rstartd.1.gz
rsync-ssl	/usr/share/man/man1/rsync-ssl.1.gz
run-one	/usr/share/man/man1/run-one.1.gz
run-with-aspell	/usr/share/man/man1/run-with-aspell.1.gz
run0	/usr/share/man/man1/run0.1.gz
rust-arch	/usr/share/man/man1/rust-arch.1.gz
rust-b2sum	/usr/share/man/man1/rust-b2sum.1.gz
rust-base32	/usr/share/man/man1/rust-base32.1.gz
rust-base64	/usr/share/man/man1/rust-base64.1.gz
rust-basename	/usr/share/man/man1/rust-basename.1.gz
rust-basenc	/usr/share/man/man1/rust-basenc.1.gz
rust-cat	/usr/share/man/man1/rust-cat.1.gz
rust-chcon	/usr/share/man/man1/rust-chcon.1.gz
rust-chgrp	/usr/share/man/man1/rust-chgrp.1.gz
rust-chmod	/usr/share/man/man1/rust-chmod.1.gz
rust-chown	/usr/share/man/man1/rust-chown.1.gz
rust-chroot	/usr/share/man/man1/rust-chroot.1.gz
rust-cksum	/usr/share/man/man1/rust-cksum.1.gz
rust-comm	/usr/share/man/man1/rust-comm.1.gz
rust-coreutils	/usr/share/man/man1/rust-coreutils.1.gz
rust-cp	/usr/share/man/man1/rust-cp.1.gz
rust-csplit	/usr/share/man/man1/rust-csplit.1.gz
rust-cut	/usr/share/man/man1/rust-cut.1.gz
rust-date	/usr/share/man/man1/rust-date.1.gz
rust-dd	/usr/share/man/man1/rust-dd.1.gz
rust-df	/usr/share/man/man1/rust-df.1.gz
rust-dir	/usr/share/man/man1/rust-dir.1.gz
rust-dircolors	/usr/share/man/man1/rust-dircolors.1.gz
rust-dirname	/usr/share/man/man1/rust-dirname.1.gz
rust-du	/usr/share/man/man1/rust-du.1.gz
rust-echo	/usr/share/man/man1/rust-echo.1.gz
rust-env	/usr/share/man/man1/rust-env.1.gz
rust-expand	/usr/share/man/man1/rust-expand.1.gz
rust-expr	/usr/share/man/man1/rust-expr.1.gz
rust-factor	/usr/share/man/man1/rust-factor.1.gz
rust-false	/usr/share/man/man1/rust-false.1.gz
rust-fmt	/usr/share/man/man1/rust-fmt.1.gz
rust-fold	/usr/share/man/man1/rust-fold.1.gz
rust-groups	/usr/share/man/man1/rust-groups.1.gz
rust-head	/usr/share/man/man1/rust-head.1.gz
rust-hostid	/usr/share/man/man1/rust-hostid.1.gz
rust-hostname	/usr/share/man/man1/rust-hostname.1.gz
rust-id	/usr/share/man/man1/rust-id.1.gz
rust-install	/usr/share/man/man1/rust-install.1.gz
rust-join	/usr/share/man/man1/rust-join.1.gz
rust-kill	/usr/share/man/man1/rust-kill.1.gz
rust-link	/usr/share/man/man1/rust-link.1.gz
rust-ln	/usr/share/man/man1/rust-ln.1.gz
rust-logname	/usr/share/man/man1/rust-logname.1.gz
rust-ls	/usr/share/man/man1/rust-ls.1.gz
rust-md5sum	/usr/share/man/man1/rust-md5sum.1.gz
rust-mkdir	/usr/share/man/man1/rust-mkdir.1.gz
rust-mkfifo	/usr/share/man/man1/rust-mkfifo.1.gz
rust-mknod	/usr/share/man/man1/rust-mknod.1.gz
rust-mktemp	/usr/share/man/man1/rust-mktemp.1.gz
rust-more	/usr/share/man/man1/rust-more.1.gz
rust-mv	/usr/share/man/man1/rust-mv.1.gz
rust-nice	/usr/share/man/man1/rust-nice.1.gz
rust-nl	/usr/share/man/man1/rust-nl.1.gz
rust-nohup	/usr/share/man/man1/rust-nohup.1.gz
rust-nproc	/usr/share/man/man1/rust-nproc.1.gz
rust-numfmt	/usr/share/man/man1/rust-numfmt.1.gz
rust-od	/usr/share/man/man1/rust-od.1.gz
rust-paste	/usr/share/man/man1/rust-paste.1.gz
rust-pathchk	/usr/share/man/man1/rust-pathchk.1.gz
rust-pinky	/usr/share/man/man1/rust-pinky.1.gz
rust-pr	/usr/share/man/man1/rust-pr.1.gz
rust-printenv	/usr/share/man/man1/rust-printenv.1.gz
rust-printf	/usr/share/man/man1/rust-printf.1.gz
rust-ptx	/usr/share/man/man1/rust-ptx.1.gz
rust-pwd	/usr/share/man/man1/rust-pwd.1.gz
rust-readlink	/usr/share/man/man1/rust-readlink.1.gz
rust-realpath	/usr/share/man/man1/rust-realpath.1.gz
rust-rm	/usr/share/man/man1/rust-rm.1.gz
rust-rmdir	/usr/share/man/man1/rust-rmdir.1.gz
rust-runcon	/usr/share/man/man1/rust-runcon.1.gz
rust-seq	/usr/share/man/man1/rust-seq.1.gz
rust-sha1sum	/usr/share/man/man1/rust-sha1sum.1.gz
rust-sha224sum	/usr/share/man/man1/rust-sha224sum.1.gz
rust-sha256sum	/usr/share/man/man1/rust-sha256sum.1.gz
rust-sha384sum	/usr/share/man/man1/rust-sha384sum.1.gz
rust-sha512sum	/usr/share/man/man1/rust-sha512sum.1.gz
rust-shred	/usr/share/man/man1/rust-shred.1.gz
rust-shuf	/usr/share/man/man1/rust-shuf.1.gz
rust-sleep	/usr/share/man/man1/rust-sleep.1.gz
rust-sort	/usr/share/man/man1/rust-sort.1.gz
rust-split	/usr/share/man/man1/rust-split.1.gz
rust-stat	/usr/share/man/man1/rust-stat.1.gz
rust-stdbuf	/usr/share/man/man1/rust-stdbuf.1.gz
rust-stty	/usr/share/man/man1/rust-stty.1.gz
rust-sum	/usr/share/man/man1/rust-sum.1.gz
rust-sync	/usr/share/man/man1/rust-sync.1.gz
rust-tac	/usr/share/man/man1/rust-tac.1.gz
rust-tail	/usr/share/man/man1/rust-tail.1.gz
rust-tee	/usr/share/man/man1/rust-tee.1.gz
rust-test	/usr/share/man/man1/rust-test.1.gz
rust-timeout	/usr/share/man/man1/rust-timeout.1.gz
rust-touch	/usr/share/man/man1/rust-touch.1.gz
rust-tr	/usr/share/man/man1/rust-tr.1.gz
rust-true	/usr/share/man/man1/rust-true.1.gz
rust-truncate	/usr/share/man/man1/rust-truncate.1.gz
rust-tsort	/usr/share/man/man1/rust-tsort.1.gz
rust-tty	/usr/share/man/man1/rust-tty.1.gz
rust-uname	/usr/share/man/man1/rust-uname.1.gz
rust-unexpand	/usr/share/man/man1/rust-unexpand.1.gz
rust-uniq	/usr/share/man/man1/rust-uniq.1.gz
rust-unlink	/usr/share/man/man1/rust-unlink.1.gz
rust-uptime	/usr/share/man/man1/rust-uptime.1.gz
rust-users	/usr/share/man/man1/rust-users.1.gz
rust-vdir	/usr/share/man/man1/rust-vdir.1.gz
rust-wc	/usr/share/man/man1/rust-wc.1.gz
rust-who	/usr/share/man/man1/rust-who.1.gz
rust-whoami	/usr/share/man/man1/rust-whoami.1.gz
rust-yes	/usr/share/man/man1/rust-yes.1.gz
sadf	/usr/share/man/man1/sadf.1.gz
sancov-21	/usr/share/man/man1/sancov-21.1.gz
sane-find-scanner	/usr/share/man/man1/sane-find-scanner.1.gz
sar.sysstat	/usr/share/man/man1/sar.sysstat.1.gz
sbattach	/usr/share/man/man1/sbattach.1.gz
sbigtopgm	/usr/share/man/man1/sbigtopgm.1.gz
sbkeysync	/usr/share/man/man1/sbkeysync.1.gz
sbsiglist	/usr/share/man/man1/sbsiglist.1.gz
sbsign	/usr/share/man/man1/sbsign.1.gz
sbvarsign	/usr/share/man/man1/sbvarsign.1.gz
sbverify	/usr/share/man/man1/sbverify.1.gz
scalar	/usr/share/man/man1/scalar.1.gz
scan-build-21	/usr/share/man/man1/scan-build-21.1.gz
scan-view-21	/usr/share/man/man1/scan-view-21.1.gz
scanimage	/usr/share/man/man1/scanimage.1.gz
screen	/usr/share/man/man1/screen.1.gz
screendump	/usr/share/man/man1/screendump.1.gz
script	/usr/share/man/man1/script.1.gz
scriptlive	/usr/share/man/man1/scriptlive.1.gz
scriptreplay	/usr/share/man/man1/scriptreplay.1.gz
sddm-greeter	/usr/share/man/man1/sddm-greeter.1.gz
sddm	/usr/share/man/man1/sddm.1.gz
sdiff	/usr/share/man/man1/sdiff.1.gz
sdptool	/usr/share/man/man1/sdptool.1.gz
select-default-iwrap	/usr/share/man/man1/select-default-iwrap.1.gz
select-editor	/usr/share/man/man1/select-editor.1.gz
sendmail	/usr/share/man/man1/sendmail.1.gz
sensible-browser	/usr/share/man/man1/sensible-browser.1.gz
sensible-editor	/usr/share/man/man1/sensible-editor.1.gz
sensible-pager	/usr/share/man/man1/sensible-pager.1.gz
sensible-terminal	/usr/share/man/man1/sensible-terminal.1.gz
sensors	/usr/share/man/man1/sensors.1.gz
sessreg	/usr/share/man/man1/sessreg.1.gz
setleds	/usr/share/man/man1/setleds.1.gz
setmetamode	/usr/share/man/man1/setmetamode.1.gz
setpriv	/usr/share/man/man1/setpriv.1.gz
setsid	/usr/share/man/man1/setsid.1.gz
setterm	/usr/share/man/man1/setterm.1.gz
setupcon	/usr/share/man/man1/setupcon.1.gz
setvtrgb	/usr/share/man/man1/setvtrgb.1.gz
setxkbmap	/usr/share/man/man1/setxkbmap.1.gz
sgitopnm	/usr/share/man/man1/sgitopnm.1.gz
shasum	/usr/share/man/man1/shasum.1.gz
showkey	/usr/share/man/man1/showkey.1.gz
showrgb	/usr/share/man/man1/showrgb.1.gz
sieve	/usr/share/man/man1/sieve.1.gz
sirtopnm	/usr/share/man/man1/sirtopnm.1.gz
size	/usr/share/man/man1/size.1.gz
skill	/usr/share/man/man1/skill.1.gz
slabtop	/usr/share/man/man1/slabtop.1.gz
sldtoppm	/usr/share/man/man1/sldtoppm.1.gz
slxdecode	/usr/share/man/man1/slxdecode.1.gz
smproxy	/usr/share/man/man1/smproxy.1.gz
smtp-sink	/usr/share/man/man1/smtp-sink.1.gz
smtp-source	/usr/share/man/man1/smtp-source.1.gz
socat1	/usr/share/man/man1/socat1.1.gz
soelim	/usr/share/man/man1/soelim.1.gz
software-properties-qt	/usr/share/man/man1/software-properties-qt.1.gz
sortman	/usr/share/man/man1/sortman.1.gz
spa-acp-tool	/usr/share/man/man1/spa-acp-tool.1.gz
spa-inspect	/usr/share/man/man1/spa-inspect.1.gz
spa-json-dump	/usr/share/man/man1/spa-json-dump.1.gz
spa-monitor	/usr/share/man/man1/spa-monitor.1.gz
spa-resample	/usr/share/man/man1/spa-resample.1.gz
spctoppm	/usr/share/man/man1/spctoppm.1.gz
spd-conf	/usr/share/man/man1/spd-conf.1.gz
spd-say	/usr/share/man/man1/spd-say.1.gz
speaker-test	/usr/share/man/man1/speaker-test.1.gz
speech-dispatcher	/usr/share/man/man1/speech-dispatcher.1.gz
spice-vdagent	/usr/share/man/man1/spice-vdagent.1.gz
spice-vdagentd	/usr/share/man/man1/spice-vdagentd.1.gz
splain	/usr/share/man/man1/splain.1.gz
splitfont	/usr/share/man/man1/splitfont.1.gz
spottopgm	/usr/share/man/man1/spottopgm.1.gz
sprof	/usr/share/man/man1/sprof.1.gz
sputoppm	/usr/share/man/man1/sputoppm.1.gz
sqfscat	/usr/share/man/man1/sqfscat.1.gz
sqfstar	/usr/share/man/man1/sqfstar.1.gz
sqlite3	/usr/share/man/man1/sqlite3.1.gz
srftopam	/usr/share/man/man1/srftopam.1.gz
ssh-argv0	/usr/share/man/man1/ssh-argv0.1.gz
ssh-copy-id	/usr/share/man/man1/ssh-copy-id.1.gz
ssh-import-id	/usr/share/man/man1/ssh-import-id.1.gz
ssh-keygen	/usr/share/man/man1/ssh-keygen.1.gz
ssh-keyscan	/usr/share/man/man1/ssh-keyscan.1.gz
st4topgm	/usr/share/man/man1/st4topgm.1.gz
startlxqt	/usr/share/man/man1/startlxqt.1.gz
startx	/usr/share/man/man1/startx.1.gz
strace-log-merge	/usr/share/man/man1/strace-log-merge.1.gz
strace	/usr/share/man/man1/strace.1.gz
streamzip	/usr/share/man/man1/streamzip.1.gz
strings	/usr/share/man/man1/strings.1.gz
strip	/usr/share/man/man1/strip.1.gz
su-rs	/usr/share/man/man1/su-rs.1.gz
sunicontopnm	/usr/share/man/man1/sunicontopnm.1.gz
svgtopam	/usr/share/man/man1/svgtopam.1.gz
system-config-printer-applet	/usr/share/man/man1/system-config-printer-applet.1.gz
system-config-printer	/usr/share/man/man1/system-config-printer.1.gz
systemctl	/usr/share/man/man1/systemctl.1.gz
systemd-ac-power	/usr/share/man/man1/systemd-ac-power.1.gz
systemd-analyze	/usr/share/man/man1/systemd-analyze.1.gz
systemd-ask-password	/usr/share/man/man1/systemd-ask-password.1.gz
systemd-cat	/usr/share/man/man1/systemd-cat.1.gz
systemd-cgls	/usr/share/man/man1/systemd-cgls.1.gz
systemd-cgtop	/usr/share/man/man1/systemd-cgtop.1.gz
systemd-creds	/usr/share/man/man1/systemd-creds.1.gz
systemd-cryptenroll	/usr/share/man/man1/systemd-cryptenroll.1.gz
systemd-delta	/usr/share/man/man1/systemd-delta.1.gz
systemd-detect-virt	/usr/share/man/man1/systemd-detect-virt.1.gz
systemd-escape	/usr/share/man/man1/systemd-escape.1.gz
systemd-firstboot	/usr/share/man/man1/systemd-firstboot.1.gz
systemd-id128	/usr/share/man/man1/systemd-id128.1.gz
systemd-inhibit	/usr/share/man/man1/systemd-inhibit.1.gz
systemd-machine-id-setup	/usr/share/man/man1/systemd-machine-id-setup.1.gz
systemd-measure	/usr/share/man/man1/systemd-measure.1.gz
systemd-mount	/usr/share/man/man1/systemd-mount.1.gz
systemd-mute-console	/usr/share/man/man1/systemd-mute-console.1.gz
systemd-notify	/usr/share/man/man1/systemd-notify.1.gz
systemd-path	/usr/share/man/man1/systemd-path.1.gz
systemd-pty-forward	/usr/share/man/man1/systemd-pty-forward.1.gz
systemd-run	/usr/share/man/man1/systemd-run.1.gz
systemd-socket-activate	/usr/share/man/man1/systemd-socket-activate.1.gz
systemd-ssh-issue	/usr/share/man/man1/systemd-ssh-issue.1.gz
systemd-ssh-proxy	/usr/share/man/man1/systemd-ssh-proxy.1.gz
systemd-stdio-bridge	/usr/share/man/man1/systemd-stdio-bridge.1.gz
systemd-tty-ask-password-agent	/usr/share/man/man1/systemd-tty-ask-password-agent.1.gz
systemd-vpick	/usr/share/man/man1/systemd-vpick.1.gz
systemd	/usr/share/man/man1/systemd.1.gz
tabs	/usr/share/man/man1/tabs.1.gz
tapestat	/usr/share/man/man1/tapestat.1.gz
tarcat	/usr/share/man/man1/tarcat.1.gz
taskset	/usr/share/man/man1/taskset.1.gz
tbl	/usr/share/man/man1/tbl.1.gz
tblgen-21	/usr/share/man/man1/tblgen-21.1.gz
tclsh8.6	/usr/share/man/man1/tclsh8.6.1.gz
tempfile	/usr/share/man/man1/tempfile.1.gz
texi2dvi	/usr/share/man/man1/texi2dvi.1.gz
texindex	/usr/share/man/man1/texindex.1.gz
tgatoppm	/usr/share/man/man1/tgatoppm.1.gz
thinkjettopbm	/usr/share/man/man1/thinkjettopbm.1.gz
tic	/usr/share/man/man1/tic.1.gz
tifftopnm	/usr/share/man/man1/tifftopnm.1.gz
tificc	/usr/share/man/man1/tificc.1.gz
time	/usr/share/man/man1/time.1.gz
timedatectl	/usr/share/man/man1/timedatectl.1.gz
tjbench	/usr/share/man/man1/tjbench.1.gz
tload	/usr/share/man/man1/tload.1.gz
tmux	/usr/share/man/man1/tmux.1.gz
tnftp	/usr/share/man/man1/tnftp.1.gz
toe	/usr/share/man/man1/toe.1.gz
tput	/usr/share/man/man1/tput.1.gz
trace-cmd-agent	/usr/share/man/man1/trace-cmd-agent.1.gz
trace-cmd-attach	/usr/share/man/man1/trace-cmd-attach.1.gz
trace-cmd-check-events	/usr/share/man/man1/trace-cmd-check-events.1.gz
trace-cmd-clear	/usr/share/man/man1/trace-cmd-clear.1.gz
trace-cmd-convert	/usr/share/man/man1/trace-cmd-convert.1.gz
trace-cmd-dump	/usr/share/man/man1/trace-cmd-dump.1.gz
trace-cmd-extract	/usr/share/man/man1/trace-cmd-extract.1.gz
trace-cmd-hist	/usr/share/man/man1/trace-cmd-hist.1.gz
trace-cmd-list	/usr/share/man/man1/trace-cmd-list.1.gz
trace-cmd-listen	/usr/share/man/man1/trace-cmd-listen.1.gz
trace-cmd-mem	/usr/share/man/man1/trace-cmd-mem.1.gz
trace-cmd-options	/usr/share/man/man1/trace-cmd-options.1.gz
trace-cmd-profile	/usr/share/man/man1/trace-cmd-profile.1.gz
trace-cmd-record	/usr/share/man/man1/trace-cmd-record.1.gz
trace-cmd-report	/usr/share/man/man1/trace-cmd-report.1.gz
trace-cmd-reset	/usr/share/man/man1/trace-cmd-reset.1.gz
trace-cmd-restore	/usr/share/man/man1/trace-cmd-restore.1.gz
trace-cmd-set	/usr/share/man/man1/trace-cmd-set.1.gz
trace-cmd-show	/usr/share/man/man1/trace-cmd-show.1.gz
trace-cmd-snapshot	/usr/share/man/man1/trace-cmd-snapshot.1.gz
trace-cmd-split	/usr/share/man/man1/trace-cmd-split.1.gz
trace-cmd-sqlhist	/usr/share/man/man1/trace-cmd-sqlhist.1.gz
trace-cmd-stack	/usr/share/man/man1/trace-cmd-stack.1.gz
trace-cmd-start	/usr/share/man/man1/trace-cmd-start.1.gz
trace-cmd-stat	/usr/share/man/man1/trace-cmd-stat.1.gz
trace-cmd-stop	/usr/share/man/man1/trace-cmd-stop.1.gz
trace-cmd-stream	/usr/share/man/man1/trace-cmd-stream.1.gz
trace-cmd	/usr/share/man/man1/trace-cmd.1.gz
transicc	/usr/share/man/man1/transicc.1.gz
transmission-qt	/usr/share/man/man1/transmission-qt.1.gz
transset	/usr/share/man/man1/transset.1.gz
tree	/usr/share/man/man1/tree.1.gz
troff	/usr/share/man/man1/troff.1.gz
ts_calibrate	/usr/share/man/man1/ts_calibrate.1.gz
ts_conf	/usr/share/man/man1/ts_conf.1.gz
ts_finddev	/usr/share/man/man1/ts_finddev.1.gz
ts_harvest	/usr/share/man/man1/ts_harvest.1.gz
ts_print	/usr/share/man/man1/ts_print.1.gz
ts_print_mt	/usr/share/man/man1/ts_print_mt.1.gz
ts_print_raw	/usr/share/man/man1/ts_print_raw.1.gz
ts_test	/usr/share/man/man1/ts_test.1.gz
ts_test_mt	/usr/share/man/man1/ts_test_mt.1.gz
ts_uinput	/usr/share/man/man1/ts_uinput.1.gz
ts_verify	/usr/share/man/man1/ts_verify.1.gz
tset	/usr/share/man/man1/tset.1.gz
tsget	/usr/share/man/man1/tsget.1ssl.gz
tzselect	/usr/share/man/man1/tzselect.1.gz
ubuntu-advantage	/usr/share/man/man1/ubuntu-advantage.1.gz
ubuntu-distro-info	/usr/share/man/man1/ubuntu-distro-info.1.gz
ucf	/usr/share/man/man1/ucf.1.gz
ucfq	/usr/share/man/man1/ucfq.1.gz
ucfr	/usr/share/man/man1/ucfr.1.gz
uclampset	/usr/share/man/man1/uclampset.1.gz
uconv	/usr/share/man/man1/uconv.1.gz
ucs2any	/usr/share/man/man1/ucs2any.1.gz
udisksctl	/usr/share/man/man1/udisksctl.1.gz
ul	/usr/share/man/man1/ul.1.gz
unicode_start	/usr/share/man/man1/unicode_start.1.gz
unicode_stop	/usr/share/man/man1/unicode_stop.1.gz
unopkg	/usr/share/man/man1/unopkg.1.gz
unshare	/usr/share/man/man1/unshare.1.gz
unsquashfs	/usr/share/man/man1/unsquashfs.1.gz
unzipsfx	/usr/share/man/man1/unzipsfx.1.gz
unzstd	/usr/share/man/man1/unzstd.1.gz
update-alternatives	/usr/share/man/man1/update-alternatives.1.gz
update-desktop-database	/usr/share/man/man1/update-desktop-database.1.gz
update-mime-database	/usr/share/man/man1/update-mime-database.1.gz
upower	/usr/share/man/man1/upower.1.gz
uptime	/usr/share/man/man1/uptime.1.gz
usb-devices	/usr/share/man/man1/usb-devices.1.gz
usb_modeswitch	/usr/share/man/man1/usb_modeswitch.1.gz
usb_modeswitch_dispatcher	/usr/share/man/man1/usb_modeswitch_dispatcher.1.gz
usb_printerid	/usr/share/man/man1/usb_printerid.1.gz
usbreset	/usr/share/man/man1/usbreset.1.gz
user-session-migration	/usr/share/man/man1/user-session-migration.1.gz
uuid-config	/usr/share/man/man1/uuid-config.1.gz
uuidgen	/usr/share/man/man1/uuidgen.1.gz
uuidparse	/usr/share/man/man1/uuidparse.1.gz
uxterm	/usr/share/man/man1/uxterm.1.gz
varlinkctl	/usr/share/man/man1/varlinkctl.1.gz
viewres	/usr/share/man/man1/viewres.1.gz
vigpg	/usr/share/man/man1/vigpg.1.gz
vim	/usr/share/man/man1/vim.1.gz
vimdiff	/usr/share/man/man1/vimdiff.1.gz
vimtutor	/usr/share/man/man1/vimtutor.1.gz
vlc-wrapper	/usr/share/man/man1/vlc-wrapper.1.gz
vlc	/usr/share/man/man1/vlc.1.gz
w	/usr/share/man/man1/w.1.gz
waitpid	/usr/share/man/man1/waitpid.1.gz
wall	/usr/share/man/man1/wall.1.gz
watch	/usr/share/man/man1/watch.1.gz
watchgnupg	/usr/share/man/man1/watchgnupg.1.gz
wbmptopbm	/usr/share/man/man1/wbmptopbm.1.gz
wcurl	/usr/share/man/man1/wcurl.1.gz
whatis	/usr/share/man/man1/whatis.1.gz
whereis	/usr/share/man/man1/whereis.1.gz
which.debianutils	/usr/share/man/man1/which.debianutils.1.gz
whiptail	/usr/share/man/man1/whiptail.1.gz
wifi-status	/usr/share/man/man1/wifi-status.1.gz
winicon	/usr/share/man/man1/winicon.1.gz
winicontopam	/usr/share/man/man1/winicontopam.1.gz
winicontoppm	/usr/share/man/man1/winicontoppm.1.gz
wl-clipboard	/usr/share/man/man1/wl-clipboard.1.gz
word-list-compress	/usr/share/man/man1/word-list-compress.1.gz
wrjpgcom	/usr/share/man/man1/wrjpgcom.1.gz
wvdial	/usr/share/man/man1/wvdial.1.gz
wvdialconf	/usr/share/man/man1/wvdialconf.1.gz
x11perf	/usr/share/man/man1/x11perf.1.gz
x11perfcomp	/usr/share/man/man1/x11perfcomp.1.gz
x86_64-linux-gnu-cpp-15	/usr/share/man/man1/x86_64-linux-gnu-cpp-15.1.gz
x86_64-linux-gnu-g++-15	/usr/share/man/man1/x86_64-linux-gnu-g++-15.1.gz
x86_64-linux-gnu-gcc-15	/usr/share/man/man1/x86_64-linux-gnu-gcc-15.1.gz
x86_64-linux-gnu-gcc-ar-15	/usr/share/man/man1/x86_64-linux-gnu-gcc-ar-15.1.gz
x86_64-linux-gnu-gcc-nm-15	/usr/share/man/man1/x86_64-linux-gnu-gcc-nm-15.1.gz
x86_64-linux-gnu-gcc-ranlib-15	/usr/share/man/man1/x86_64-linux-gnu-gcc-ranlib-15.1.gz
x86_64-linux-gnu-gcov-15	/usr/share/man/man1/x86_64-linux-gnu-gcov-15.1.gz
x86_64-linux-gnu-gcov-dump-15	/usr/share/man/man1/x86_64-linux-gnu-gcov-dump-15.1.gz
x86_64-linux-gnu-gcov-tool-15	/usr/share/man/man1/x86_64-linux-gnu-gcov-tool-15.1.gz
x86_64-linux-gnu-lto-dump-15	/usr/share/man/man1/x86_64-linux-gnu-lto-dump-15.1.gz
x86_64-linux-gnu-python3.14-config	/usr/share/man/man1/x86_64-linux-gnu-python3.14-config.1.gz
xargs	/usr/share/man/man1/xargs.1.gz
xauth	/usr/share/man/man1/xauth.1.gz
xbiff	/usr/share/man/man1/xbiff.1.gz
xbmtopbm	/usr/share/man/man1/xbmtopbm.1.gz
xbrlapi	/usr/share/man/man1/xbrlapi.1.gz
xcalc	/usr/share/man/man1/xcalc.1.gz
xclip-copyfile	/usr/share/man/man1/xclip-copyfile.1.gz
xclip	/usr/share/man/man1/xclip.1.gz
xclipboard	/usr/share/man/man1/xclipboard.1.gz
xclock	/usr/share/man/man1/xclock.1.gz
xcmsdb	/usr/share/man/man1/xcmsdb.1.gz
xconsole	/usr/share/man/man1/xconsole.1.gz
xcursorgen	/usr/share/man/man1/xcursorgen.1.gz
xcutsel	/usr/share/man/man1/xcutsel.1.gz
xdg-desktop-icon	/usr/share/man/man1/xdg-desktop-icon.1.gz
xdg-desktop-menu	/usr/share/man/man1/xdg-desktop-menu.1.gz
xdg-email	/usr/share/man/man1/xdg-email.1.gz
xdg-icon-resource	/usr/share/man/man1/xdg-icon-resource.1.gz
xdg-mime	/usr/share/man/man1/xdg-mime.1.gz
xdg-open	/usr/share/man/man1/xdg-open.1.gz
xdg-screensaver	/usr/share/man/man1/xdg-screensaver.1.gz
xdg-settings	/usr/share/man/man1/xdg-settings.1.gz
xdg-user-dir	/usr/share/man/man1/xdg-user-dir.1.gz
xdg-user-dirs-update	/usr/share/man/man1/xdg-user-dirs-update.1.gz
xditview	/usr/share/man/man1/xditview.1.gz
xdpyinfo	/usr/share/man/man1/xdpyinfo.1.gz
xdriinfo	/usr/share/man/man1/xdriinfo.1.gz
xedit	/usr/share/man/man1/xedit.1.gz
xev	/usr/share/man/man1/xev.1.gz
xeyes	/usr/share/man/man1/xeyes.1.gz
xfd	/usr/share/man/man1/xfd.1.gz
xfontsel	/usr/share/man/man1/xfontsel.1.gz
xgamma	/usr/share/man/man1/xgamma.1.gz
xgc	/usr/share/man/man1/xgc.1.gz
xhost	/usr/share/man/man1/xhost.1.gz
ximtoppm	/usr/share/man/man1/ximtoppm.1.gz
xinit	/usr/share/man/man1/xinit.1.gz
xinput	/usr/share/man/man1/xinput.1.gz
xkbbell	/usr/share/man/man1/xkbbell.1.gz
xkbcomp	/usr/share/man/man1/xkbcomp.1.gz
xkbevd	/usr/share/man/man1/xkbevd.1.gz
xkbprint	/usr/share/man/man1/xkbprint.1.gz
xkbvleds	/usr/share/man/man1/xkbvleds.1.gz
xkbwatch	/usr/share/man/man1/xkbwatch.1.gz
xkill	/usr/share/man/man1/xkill.1.gz
xload	/usr/share/man/man1/xload.1.gz
xlogo	/usr/share/man/man1/xlogo.1.gz
xlsatoms	/usr/share/man/man1/xlsatoms.1.gz
xlsclients	/usr/share/man/man1/xlsclients.1.gz
xlsfonts	/usr/share/man/man1/xlsfonts.1.gz
xmag	/usr/share/man/man1/xmag.1.gz
xman	/usr/share/man/man1/xman.1.gz
xmessage	/usr/share/man/man1/xmessage.1.gz
xml2-config	/usr/share/man/man1/xml2-config.1.gz
xmodmap	/usr/share/man/man1/xmodmap.1.gz
xmore	/usr/share/man/man1/xmore.1.gz
xorrecord	/usr/share/man/man1/xorrecord.1.gz
xorriso	/usr/share/man/man1/xorriso.1.gz
xorrisofs	/usr/share/man/man1/xorrisofs.1.gz
xpmtoppm	/usr/share/man/man1/xpmtoppm.1.gz
xprop	/usr/share/man/man1/xprop.1.gz
xqxdecode	/usr/share/man/man1/xqxdecode.1.gz
xrandr	/usr/share/man/man1/xrandr.1.gz
xrdb	/usr/share/man/man1/xrdb.1.gz
xrefresh	/usr/share/man/man1/xrefresh.1.gz
xscreensaver-auth	/usr/share/man/man1/xscreensaver-auth.1.gz
xscreensaver-command	/usr/share/man/man1/xscreensaver-command.1.gz
xscreensaver-getimage-file	/usr/share/man/man1/xscreensaver-getimage-file.1.gz
xscreensaver-getimage-video	/usr/share/man/man1/xscreensaver-getimage-video.1.gz
xscreensaver-getimage	/usr/share/man/man1/xscreensaver-getimage.1.gz
xscreensaver-gfx	/usr/share/man/man1/xscreensaver-gfx.1.gz
xscreensaver-gl-visual	/usr/share/man/man1/xscreensaver-gl-visual.1.gz
xscreensaver-settings	/usr/share/man/man1/xscreensaver-settings.1.gz
xscreensaver-systemd	/usr/share/man/man1/xscreensaver-systemd.1.gz
xscreensaver-text	/usr/share/man/man1/xscreensaver-text.1.gz
xscreensaver	/usr/share/man/man1/xscreensaver.1.gz
xset	/usr/share/man/man1/xset.1.gz
xsetmode	/usr/share/man/man1/xsetmode.1.gz
xsetpointer	/usr/share/man/man1/xsetpointer.1.gz
xsetroot	/usr/share/man/man1/xsetroot.1.gz
xsetwacom	/usr/share/man/man1/xsetwacom.1.gz
xslt-config	/usr/share/man/man1/xslt-config.1.gz
xsm	/usr/share/man/man1/xsm.1.gz
xstdcmap	/usr/share/man/man1/xstdcmap.1.gz
xsubpp	/usr/share/man/man1/xsubpp.1.gz
xterm	/usr/share/man/man1/xterm.1.gz
xvidtune	/usr/share/man/man1/xvidtune.1.gz
xvinfo	/usr/share/man/man1/xvinfo.1.gz
xvminitoppm	/usr/share/man/man1/xvminitoppm.1.gz
xwd	/usr/share/man/man1/xwd.1.gz
xwdtopnm	/usr/share/man/man1/xwdtopnm.1.gz
xwininfo	/usr/share/man/man1/xwininfo.1.gz
xwud	/usr/share/man/man1/xwud.1.gz
xxd	/usr/share/man/man1/xxd.1.gz
xzdiff	/usr/share/man/man1/xzdiff.1.gz
xzgrep	/usr/share/man/man1/xzgrep.1.gz
xzless	/usr/share/man/man1/xzless.1.gz
xzmore	/usr/share/man/man1/xzmore.1.gz
ybmtopbm	/usr/share/man/man1/ybmtopbm.1.gz
yuvsplittoppm	/usr/share/man/man1/yuvsplittoppm.1.gz
yuvtoppm	/usr/share/man/man1/yuvtoppm.1.gz
yuy2topam	/usr/share/man/man1/yuy2topam.1.gz
zdiff	/usr/share/man/man1/zdiff.1.gz
zeisstopnm	/usr/share/man/man1/zeisstopnm.1.gz
zenity	/usr/share/man/man1/zenity.1.gz
zforce	/usr/share/man/man1/zforce.1.gz
zgrep	/usr/share/man/man1/zgrep.1.gz
zipcloak	/usr/share/man/man1/zipcloak.1.gz
zipdetails	/usr/share/man/man1/zipdetails.1.gz
zipgrep	/usr/share/man/man1/zipgrep.1.gz
zipinfo	/usr/share/man/man1/zipinfo.1.gz
zipnote	/usr/share/man/man1/zipnote.1.gz
zipsplit	/usr/share/man/man1/zipsplit.1.gz
zjsdecode	/usr/share/man/man1/zjsdecode.1.gz
zless	/usr/share/man/man1/zless.1.gz
zmore	/usr/share/man/man1/zmore.1.gz
znew	/usr/share/man/man1/znew.1.gz
zsoelim	/usr/share/man/man1/zsoelim.1.gz
zstdcat	/usr/share/man/man1/zstdcat.1.gz
zstdgrep	/usr/share/man/man1/zstdgrep.1.gz
zstdless	/usr/share/man/man1/zstdless.1.gz
zstdmt	/usr/share/man/man1/zstdmt.1.gz
zsync	/usr/share/man/man1/zsync.1.gz
zsyncmake	/usr/share/man/man1/zsyncmake.1.gz
ModemManager	/usr/share/man/man8/ModemManager.8.gz
NetworkManager-dispatcher	/usr/share/man/man8/NetworkManager-dispatcher.8.gz
NetworkManager-wait-online.service	/usr/share/man/man8/NetworkManager-wait-online.service.8.gz
NetworkManager	/usr/share/man/man8/NetworkManager.8.gz
aa-load	/usr/share/man/man8/aa-load.8.gz
aa-remove-unknown	/usr/share/man/man8/aa-remove-unknown.8.gz
aa-status	/usr/share/man/man8/aa-status.8.gz
aa-teardown	/usr/share/man/man8/aa-teardown.8.gz
accessdb	/usr/share/man/man8/accessdb.8.gz
add-shell	/usr/share/man/man8/add-shell.8.gz
addgnupghome	/usr/share/man/man8/addgnupghome.8.gz
addpart	/usr/share/man/man8/addpart.8.gz
adduser	/usr/share/man/man8/adduser.8.gz
adduser.local	/usr/share/man/man8/adduser.local.8.gz
agetty	/usr/share/man/man8/agetty.8.gz
alsa-info	/usr/share/man/man8/alsa-info.8.gz
anacron	/usr/share/man/man8/anacron.8.gz
anvil	/usr/share/man/man8/anvil.8.gz
apparmor_parser	/usr/share/man/man8/apparmor_parser.8.gz
apparmor_status	/usr/share/man/man8/apparmor_status.8.gz
applygnupgdefaults	/usr/share/man/man8/applygnupgdefaults.8.gz
apt-cache	/usr/share/man/man8/apt-cache.8.gz
apt-cdrom	/usr/share/man/man8/apt-cdrom.8.gz
apt-config	/usr/share/man/man8/apt-config.8.gz
apt-get	/usr/share/man/man8/apt-get.8.gz
apt-mark	/usr/share/man/man8/apt-mark.8.gz
apt-secure	/usr/share/man/man8/apt-secure.8.gz
apt	/usr/share/man/man8/apt.8.gz
aptitude-curses	/usr/share/man/man8/aptitude-curses.8.gz
argdist-bpfcc	/usr/share/man/man8/argdist-bpfcc.8.gz
arpd	/usr/share/man/man8/arpd.8.gz
arptables-nft-restore	/usr/share/man/man8/arptables-nft-restore.8.gz
arptables-nft-save	/usr/share/man/man8/arptables-nft-save.8.gz
arptables-nft	/usr/share/man/man8/arptables-nft.8.gz
aspell-autobuildhash	/usr/share/man/man8/aspell-autobuildhash.8.gz
avahi-daemon	/usr/share/man/man8/avahi-daemon.8.gz
badblocks	/usr/share/man/man8/badblocks.8.gz
bashreadline-bpfcc	/usr/share/man/man8/bashreadline-bpfcc.8.gz
bashreadline.bt	/usr/share/man/man8/bashreadline.bt.8.gz
bindsnoop-bpfcc	/usr/share/man/man8/bindsnoop-bpfcc.8.gz
biolatency-bpfcc	/usr/share/man/man8/biolatency-bpfcc.8.gz
biolatency.bt	/usr/share/man/man8/biolatency.bt.8.gz
biolatpcts-bpfcc	/usr/share/man/man8/biolatpcts-bpfcc.8.gz
biopattern-bpfcc	/usr/share/man/man8/biopattern-bpfcc.8.gz
biosdecode	/usr/share/man/man8/biosdecode.8.gz
biosnoop-bpfcc	/usr/share/man/man8/biosnoop-bpfcc.8.gz
biosnoop.bt	/usr/share/man/man8/biosnoop.bt.8.gz
biostacks.bt	/usr/share/man/man8/biostacks.bt.8.gz
biotop-bpfcc	/usr/share/man/man8/biotop-bpfcc.8.gz
bitesize-bpfcc	/usr/share/man/man8/bitesize-bpfcc.8.gz
bitesize.bt	/usr/share/man/man8/bitesize.bt.8.gz
blkdeactivate	/usr/share/man/man8/blkdeactivate.8.gz
blkdiscard	/usr/share/man/man8/blkdiscard.8.gz
blkid	/usr/share/man/man8/blkid.8.gz
blkpr	/usr/share/man/man8/blkpr.8.gz
blkzone	/usr/share/man/man8/blkzone.8.gz
blockdev	/usr/share/man/man8/blockdev.8.gz
bluetooth-meshd	/usr/share/man/man8/bluetooth-meshd.8.gz
bluetoothd	/usr/share/man/man8/bluetoothd.8.gz
boltd	/usr/share/man/man8/boltd.8.gz
bounce	/usr/share/man/man8/bounce.8.gz
bpflist-bpfcc	/usr/share/man/man8/bpflist-bpfcc.8.gz
bpftool-btf	/usr/share/man/man8/bpftool-btf.8.gz
bpftool-cgroup	/usr/share/man/man8/bpftool-cgroup.8.gz
bpftool-feature	/usr/share/man/man8/bpftool-feature.8.gz
bpftool-gen	/usr/share/man/man8/bpftool-gen.8.gz
bpftool-iter	/usr/share/man/man8/bpftool-iter.8.gz
bpftool-link	/usr/share/man/man8/bpftool-link.8.gz
bpftool-map	/usr/share/man/man8/bpftool-map.8.gz
bpftool-net	/usr/share/man/man8/bpftool-net.8.gz
bpftool-perf	/usr/share/man/man8/bpftool-perf.8.gz
bpftool-prog	/usr/share/man/man8/bpftool-prog.8.gz
bpftool-struct_ops	/usr/share/man/man8/bpftool-struct_ops.8.gz
bpftool-token	/usr/share/man/man8/bpftool-token.8.gz
bpftool	/usr/share/man/man8/bpftool.8.gz
bpftrace	/usr/share/man/man8/bpftrace.8.gz
brctl	/usr/share/man/man8/brctl.8.gz
bridge	/usr/share/man/man8/bridge.8.gz
btrfs-balance	/usr/share/man/man8/btrfs-balance.8.gz
btrfs-check	/usr/share/man/man8/btrfs-check.8.gz
btrfs-convert	/usr/share/man/man8/btrfs-convert.8.gz
btrfs-device	/usr/share/man/man8/btrfs-device.8.gz
btrfs-filesystem	/usr/share/man/man8/btrfs-filesystem.8.gz
btrfs-find-root	/usr/share/man/man8/btrfs-find-root.8.gz
btrfs-image	/usr/share/man/man8/btrfs-image.8.gz
btrfs-inspect-internal	/usr/share/man/man8/btrfs-inspect-internal.8.gz
btrfs-map-logical	/usr/share/man/man8/btrfs-map-logical.8.gz
btrfs-property	/usr/share/man/man8/btrfs-property.8.gz
btrfs-qgroup	/usr/share/man/man8/btrfs-qgroup.8.gz
btrfs-quota	/usr/share/man/man8/btrfs-quota.8.gz
btrfs-receive	/usr/share/man/man8/btrfs-receive.8.gz
btrfs-replace	/usr/share/man/man8/btrfs-replace.8.gz
btrfs-rescue	/usr/share/man/man8/btrfs-rescue.8.gz
btrfs-restore	/usr/share/man/man8/btrfs-restore.8.gz
btrfs-scrub	/usr/share/man/man8/btrfs-scrub.8.gz
btrfs-select-super	/usr/share/man/man8/btrfs-select-super.8.gz
btrfs-send	/usr/share/man/man8/btrfs-send.8.gz
btrfs-subvolume	/usr/share/man/man8/btrfs-subvolume.8.gz
btrfs	/usr/share/man/man8/btrfs.8.gz
btrfsdist-bpfcc	/usr/share/man/man8/btrfsdist-bpfcc.8.gz
btrfsslower-bpfcc	/usr/share/man/man8/btrfsslower-bpfcc.8.gz
btrfstune	/usr/share/man/man8/btrfstune.8.gz
cachestat-bpfcc	/usr/share/man/man8/cachestat-bpfcc.8.gz
cachetop-bpfcc	/usr/share/man/man8/cachetop-bpfcc.8.gz
calibrate_ppa	/usr/share/man/man8/calibrate_ppa.8.gz
capable-bpfcc	/usr/share/man/man8/capable-bpfcc.8.gz
capable.bt	/usr/share/man/man8/capable.bt.8.gz
catman	/usr/share/man/man8/catman.8.gz
cfdisk	/usr/share/man/man8/cfdisk.8.gz
cgdisk	/usr/share/man/man8/cgdisk.8.gz
chat	/usr/share/man/man8/chat.8.gz
chcpu	/usr/share/man/man8/chcpu.8.gz
chgpasswd	/usr/share/man/man8/chgpasswd.8.gz
chmem	/usr/share/man/man8/chmem.8.gz
chpasswd	/usr/share/man/man8/chpasswd.8.gz
chronyd	/usr/share/man/man8/chronyd.8.gz
cleanup	/usr/share/man/man8/cleanup.8.gz
cobjnew-bpfcc	/usr/share/man/man8/cobjnew-bpfcc.8.gz
compactsnoop-bpfcc	/usr/share/man/man8/compactsnoop-bpfcc.8.gz
containerd-config	/usr/share/man/man8/containerd-config.8.gz
containerd	/usr/share/man/man8/containerd.8.gz
cpudist-bpfcc	/usr/share/man/man8/cpudist-bpfcc.8.gz
cpuunclaimed-bpfcc	/usr/share/man/man8/cpuunclaimed-bpfcc.8.gz
cpuwalk.bt	/usr/share/man/man8/cpuwalk.bt.8.gz
criticalstat-bpfcc	/usr/share/man/man8/criticalstat-bpfcc.8.gz
cron	/usr/share/man/man8/cron.8.gz
cryptdisks_start	/usr/share/man/man8/cryptdisks_start.8.gz
cryptdisks_stop	/usr/share/man/man8/cryptdisks_stop.8.gz
cryptsetup-benchmark	/usr/share/man/man8/cryptsetup-benchmark.8.gz
cryptsetup-bitlkDump	/usr/share/man/man8/cryptsetup-bitlkDump.8.gz
cryptsetup-close	/usr/share/man/man8/cryptsetup-close.8.gz
cryptsetup-config	/usr/share/man/man8/cryptsetup-config.8.gz
cryptsetup-convert	/usr/share/man/man8/cryptsetup-convert.8.gz
cryptsetup-erase	/usr/share/man/man8/cryptsetup-erase.8.gz
cryptsetup-fvault2Dump	/usr/share/man/man8/cryptsetup-fvault2Dump.8.gz
cryptsetup-isLuks	/usr/share/man/man8/cryptsetup-isLuks.8.gz
cryptsetup-luksAddKey	/usr/share/man/man8/cryptsetup-luksAddKey.8.gz
cryptsetup-luksChangeKey	/usr/share/man/man8/cryptsetup-luksChangeKey.8.gz
cryptsetup-luksConvertKey	/usr/share/man/man8/cryptsetup-luksConvertKey.8.gz
cryptsetup-luksDump	/usr/share/man/man8/cryptsetup-luksDump.8.gz
cryptsetup-luksFormat	/usr/share/man/man8/cryptsetup-luksFormat.8.gz
cryptsetup-luksHeaderBackup	/usr/share/man/man8/cryptsetup-luksHeaderBackup.8.gz
cryptsetup-luksHeaderRestore	/usr/share/man/man8/cryptsetup-luksHeaderRestore.8.gz
cryptsetup-luksKillSlot	/usr/share/man/man8/cryptsetup-luksKillSlot.8.gz
cryptsetup-luksRemoveKey	/usr/share/man/man8/cryptsetup-luksRemoveKey.8.gz
cryptsetup-luksResume	/usr/share/man/man8/cryptsetup-luksResume.8.gz
cryptsetup-luksSuspend	/usr/share/man/man8/cryptsetup-luksSuspend.8.gz
cryptsetup-luksUUID	/usr/share/man/man8/cryptsetup-luksUUID.8.gz
cryptsetup-open	/usr/share/man/man8/cryptsetup-open.8.gz
cryptsetup-reencrypt	/usr/share/man/man8/cryptsetup-reencrypt.8.gz
cryptsetup-refresh	/usr/share/man/man8/cryptsetup-refresh.8.gz
cryptsetup-repair	/usr/share/man/man8/cryptsetup-repair.8.gz
cryptsetup-resize	/usr/share/man/man8/cryptsetup-resize.8.gz
cryptsetup-status	/usr/share/man/man8/cryptsetup-status.8.gz
cryptsetup-tcryptDump	/usr/share/man/man8/cryptsetup-tcryptDump.8.gz
cryptsetup-token	/usr/share/man/man8/cryptsetup-token.8.gz
cryptsetup	/usr/share/man/man8/cryptsetup.8.gz
cthreads-bpfcc	/usr/share/man/man8/cthreads-bpfcc.8.gz
ctr	/usr/share/man/man8/ctr.8.gz
ctrlaltdel	/usr/share/man/man8/ctrlaltdel.8.gz
cups-browsed	/usr/share/man/man8/cups-browsed.8.gz
cups-calibrate	/usr/share/man/man8/cups-calibrate.8.gz
cups-deviced	/usr/share/man/man8/cups-deviced.8.gz
cups-driverd	/usr/share/man/man8/cups-driverd.8.gz
cups-exec	/usr/share/man/man8/cups-exec.8.gz
cups-genppdupdate	/usr/share/man/man8/cups-genppdupdate.8.gz
cups-lpd	/usr/share/man/man8/cups-lpd.8.gz
cups-snmp	/usr/share/man/man8/cups-snmp.8.gz
cupsaccept	/usr/share/man/man8/cupsaccept.8.gz
cupsctl	/usr/share/man/man8/cupsctl.8.gz
cupsd-helper	/usr/share/man/man8/cupsd-helper.8.gz
cupsd	/usr/share/man/man8/cupsd.8.gz
cupsdisable	/usr/share/man/man8/cupsdisable.8.gz
cupsenable	/usr/share/man/man8/cupsenable.8.gz
cupsfilter	/usr/share/man/man8/cupsfilter.8.gz
cupsreject	/usr/share/man/man8/cupsreject.8.gz
dbslower-bpfcc	/usr/share/man/man8/dbslower-bpfcc.8.gz
dbstat-bpfcc	/usr/share/man/man8/dbstat-bpfcc.8.gz
dcb-app	/usr/share/man/man8/dcb-app.8.gz
dcb-apptrust	/usr/share/man/man8/dcb-apptrust.8.gz
dcb-buffer	/usr/share/man/man8/dcb-buffer.8.gz
dcb-dcbx	/usr/share/man/man8/dcb-dcbx.8.gz
dcb-ets	/usr/share/man/man8/dcb-ets.8.gz
dcb-maxrate	/usr/share/man/man8/dcb-maxrate.8.gz
dcb-pfc	/usr/share/man/man8/dcb-pfc.8.gz
dcb-rewr	/usr/share/man/man8/dcb-rewr.8.gz
dcb	/usr/share/man/man8/dcb.8.gz
dcsnoop-bpfcc	/usr/share/man/man8/dcsnoop-bpfcc.8.gz
dcsnoop.bt	/usr/share/man/man8/dcsnoop.bt.8.gz
dcstat-bpfcc	/usr/share/man/man8/dcstat-bpfcc.8.gz
deadlock-bpfcc	/usr/share/man/man8/deadlock-bpfcc.8.gz
debugfs	/usr/share/man/man8/debugfs.8.gz
delpart	/usr/share/man/man8/delpart.8.gz
deluser	/usr/share/man/man8/deluser.8.gz
depmod	/usr/share/man/man8/depmod.8.gz
devlink-dev	/usr/share/man/man8/devlink-dev.8.gz
devlink-dpipe	/usr/share/man/man8/devlink-dpipe.8.gz
devlink-health	/usr/share/man/man8/devlink-health.8.gz
devlink-lc	/usr/share/man/man8/devlink-lc.8.gz
devlink-monitor	/usr/share/man/man8/devlink-monitor.8.gz
devlink-port	/usr/share/man/man8/devlink-port.8.gz
devlink-rate	/usr/share/man/man8/devlink-rate.8.gz
devlink-region	/usr/share/man/man8/devlink-region.8.gz
devlink-resource	/usr/share/man/man8/devlink-resource.8.gz
devlink-sb	/usr/share/man/man8/devlink-sb.8.gz
devlink-trap	/usr/share/man/man8/devlink-trap.8.gz
devlink	/usr/share/man/man8/devlink.8.gz
dhcpcd-run-hooks	/usr/share/man/man8/dhcpcd-run-hooks.8.gz
dhcpcd	/usr/share/man/man8/dhcpcd.8.gz
dirmngr	/usr/share/man/man8/dirmngr.8.gz
dirtop-bpfcc	/usr/share/man/man8/dirtop-bpfcc.8.gz
discard	/usr/share/man/man8/discard.8.gz
dmidecode	/usr/share/man/man8/dmidecode.8.gz
dmsetup	/usr/share/man/man8/dmsetup.8.gz
dmstats	/usr/share/man/man8/dmstats.8.gz
dnsblog	/usr/share/man/man8/dnsblog.8.gz
dnsmasq	/usr/share/man/man8/dnsmasq.8.gz
do-release-upgrade	/usr/share/man/man8/do-release-upgrade.8.gz
dockerd	/usr/share/man/man8/dockerd.8.gz
dpkg-preconfigure	/usr/share/man/man8/dpkg-preconfigure.8.gz
dpkg-reconfigure	/usr/share/man/man8/dpkg-reconfigure.8.gz
dpll	/usr/share/man/man8/dpll.8.gz
dracut-catimages	/usr/share/man/man8/dracut-catimages.8.gz
dracut-cmdline.service	/usr/share/man/man8/dracut-cmdline.service.8.gz
dracut-initqueue.service	/usr/share/man/man8/dracut-initqueue.service.8.gz
dracut-mount.service	/usr/share/man/man8/dracut-mount.service.8.gz
dracut-pre-mount.service	/usr/share/man/man8/dracut-pre-mount.service.8.gz
dracut-pre-pivot.service	/usr/share/man/man8/dracut-pre-pivot.service.8.gz
dracut-pre-trigger.service	/usr/share/man/man8/dracut-pre-trigger.service.8.gz
dracut-pre-udev.service	/usr/share/man/man8/dracut-pre-udev.service.8.gz
dracut-shutdown.service	/usr/share/man/man8/dracut-shutdown.service.8.gz
dracut	/usr/share/man/man8/dracut.8.gz
dropbear	/usr/share/man/man8/dropbear.8.gz
drsnoop-bpfcc	/usr/share/man/man8/drsnoop-bpfcc.8.gz
dump.exfat	/usr/share/man/man8/dump.exfat.8.gz
dumpe2fs	/usr/share/man/man8/dumpe2fs.8.gz
e2freefrag	/usr/share/man/man8/e2freefrag.8.gz
e2fsck	/usr/share/man/man8/e2fsck.8.gz
e2image	/usr/share/man/man8/e2image.8.gz
e2label	/usr/share/man/man8/e2label.8.gz
e2mmpstatus	/usr/share/man/man8/e2mmpstatus.8.gz
e2scrub	/usr/share/man/man8/e2scrub.8.gz
e2scrub_all	/usr/share/man/man8/e2scrub_all.8.gz
e2undo	/usr/share/man/man8/e2undo.8.gz
e4crypt	/usr/share/man/man8/e4crypt.8.gz
e4defrag	/usr/share/man/man8/e4defrag.8.gz
ebtables-nft	/usr/share/man/man8/ebtables-nft.8.gz
efibootdump	/usr/share/man/man8/efibootdump.8.gz
efibootmgr	/usr/share/man/man8/efibootmgr.8.gz
error	/usr/share/man/man8/error.8.gz
ethtool	/usr/share/man/man8/ethtool.8.gz
execsnoop-bpfcc	/usr/share/man/man8/execsnoop-bpfcc.8.gz
execsnoop.bt	/usr/share/man/man8/execsnoop.bt.8.gz
exfat2img	/usr/share/man/man8/exfat2img.8.gz
exfatlabel	/usr/share/man/man8/exfatlabel.8.gz
exitsnoop-bpfcc	/usr/share/man/man8/exitsnoop-bpfcc.8.gz
ext4dist-bpfcc	/usr/share/man/man8/ext4dist-bpfcc.8.gz
ext4slower-bpfcc	/usr/share/man/man8/ext4slower-bpfcc.8.gz
f2fsslower-bpfcc	/usr/share/man/man8/f2fsslower-bpfcc.8.gz
faillock	/usr/share/man/man8/faillock.8.gz
fanatic	/usr/share/man/man8/fanatic.8.gz
fanctl	/usr/share/man/man8/fanctl.8.gz
fatlabel	/usr/share/man/man8/fatlabel.8.gz
fdisk	/usr/share/man/man8/fdisk.8.gz
filefrag	/usr/share/man/man8/filefrag.8.gz
filegone-bpfcc	/usr/share/man/man8/filegone-bpfcc.8.gz
filelife-bpfcc	/usr/share/man/man8/filelife-bpfcc.8.gz
fileslower-bpfcc	/usr/share/man/man8/fileslower-bpfcc.8.gz
filetop-bpfcc	/usr/share/man/man8/filetop-bpfcc.8.gz
findfs	/usr/share/man/man8/findfs.8.gz
findmnt	/usr/share/man/man8/findmnt.8.gz
fixparts	/usr/share/man/man8/fixparts.8.gz
flush	/usr/share/man/man8/flush.8.gz
fsck	/usr/share/man/man8/fsck.8.gz
fsck.btrfs	/usr/share/man/man8/fsck.btrfs.8.gz
fsck.cramfs	/usr/share/man/man8/fsck.cramfs.8.gz
fsck.exfat	/usr/share/man/man8/fsck.exfat.8.gz
fsck.fat	/usr/share/man/man8/fsck.fat.8.gz
fsck.minix	/usr/share/man/man8/fsck.minix.8.gz
fsck.xfs	/usr/share/man/man8/fsck.xfs.8.gz
fsfreeze	/usr/share/man/man8/fsfreeze.8.gz
fstab-decode	/usr/share/man/man8/fstab-decode.8.gz
fstrim	/usr/share/man/man8/fstrim.8.gz
funccount-bpfcc	/usr/share/man/man8/funccount-bpfcc.8.gz
funcinterval-bpfcc	/usr/share/man/man8/funcinterval-bpfcc.8.gz
funclatency-bpfcc	/usr/share/man/man8/funclatency-bpfcc.8.gz
funcslower-bpfcc	/usr/share/man/man8/funcslower-bpfcc.8.gz
fwupd-refresh.service	/usr/share/man/man8/fwupd-refresh.service.8.gz
gdisk	/usr/share/man/man8/gdisk.8.gz
genccode	/usr/share/man/man8/genccode.8.gz
gencmn	/usr/share/man/man8/gencmn.8.gz
genl	/usr/share/man/man8/genl.8.gz
gensprep	/usr/share/man/man8/gensprep.8.gz
getcap	/usr/share/man/man8/getcap.8.gz
gethostlatency-bpfcc	/usr/share/man/man8/gethostlatency-bpfcc.8.gz
gethostlatency.bt	/usr/share/man/man8/gethostlatency.bt.8.gz
getkeycodes	/usr/share/man/man8/getkeycodes.8.gz
getpcaps	/usr/share/man/man8/getpcaps.8.gz
gnuchroot	/usr/share/man/man8/gnuchroot.8.gz
groupadd	/usr/share/man/man8/groupadd.8.gz
groupdel	/usr/share/man/man8/groupdel.8.gz
groupmod	/usr/share/man/man8/groupmod.8.gz
grpck	/usr/share/man/man8/grpck.8.gz
grub-install	/usr/share/man/man8/grub-install.8.gz
grub-macbless	/usr/share/man/man8/grub-macbless.8.gz
grub-mkconfig	/usr/share/man/man8/grub-mkconfig.8.gz
grub-mkdevicemap	/usr/share/man/man8/grub-mkdevicemap.8.gz
grub-probe	/usr/share/man/man8/grub-probe.8.gz
grub-reboot	/usr/share/man/man8/grub-reboot.8.gz
grub-set-default	/usr/share/man/man8/grub-set-default.8.gz
hardirqs-bpfcc	/usr/share/man/man8/hardirqs-bpfcc.8.gz
hdparm	/usr/share/man/man8/hdparm.8.gz
hwclock	/usr/share/man/man8/hwclock.8.gz
iconvconfig	/usr/share/man/man8/iconvconfig.8.gz
icupkg	/usr/share/man/man8/icupkg.8.gz
inject-bpfcc	/usr/share/man/man8/inject-bpfcc.8.gz
insmod	/usr/share/man/man8/insmod.8.gz
install-sgmlcatalog	/usr/share/man/man8/install-sgmlcatalog.8.gz
installkernel	/usr/share/man/man8/installkernel.8.gz
integritysetup	/usr/share/man/man8/integritysetup.8.gz
invoke-rc.d	/usr/share/man/man8/invoke-rc.d.8.gz
ip-address	/usr/share/man/man8/ip-address.8.gz
ip-addrlabel	/usr/share/man/man8/ip-addrlabel.8.gz
ip-fou	/usr/share/man/man8/ip-fou.8.gz
ip-ioam	/usr/share/man/man8/ip-ioam.8.gz
ip-l2tp	/usr/share/man/man8/ip-l2tp.8.gz
ip-link	/usr/share/man/man8/ip-link.8.gz
ip-macsec	/usr/share/man/man8/ip-macsec.8.gz
ip-maddress	/usr/share/man/man8/ip-maddress.8.gz
ip-monitor	/usr/share/man/man8/ip-monitor.8.gz
ip-mptcp	/usr/share/man/man8/ip-mptcp.8.gz
ip-mroute	/usr/share/man/man8/ip-mroute.8.gz
ip-neighbour	/usr/share/man/man8/ip-neighbour.8.gz
ip-netconf	/usr/share/man/man8/ip-netconf.8.gz
ip-netns	/usr/share/man/man8/ip-netns.8.gz
ip-nexthop	/usr/share/man/man8/ip-nexthop.8.gz
ip-ntable	/usr/share/man/man8/ip-ntable.8.gz
ip-route	/usr/share/man/man8/ip-route.8.gz
ip-rule	/usr/share/man/man8/ip-rule.8.gz
ip-sr	/usr/share/man/man8/ip-sr.8.gz
ip-stats	/usr/share/man/man8/ip-stats.8.gz
ip-tcp_metrics	/usr/share/man/man8/ip-tcp_metrics.8.gz
ip-token	/usr/share/man/man8/ip-token.8.gz
ip-tunnel	/usr/share/man/man8/ip-tunnel.8.gz
ip-vrf	/usr/share/man/man8/ip-vrf.8.gz
ip-xfrm	/usr/share/man/man8/ip-xfrm.8.gz
ip	/usr/share/man/man8/ip.8.gz
ipp-usb	/usr/share/man/man8/ipp-usb.8.gz
iptables-apply	/usr/share/man/man8/iptables-apply.8.gz
iptables-extensions	/usr/share/man/man8/iptables-extensions.8.gz
iptables-restore	/usr/share/man/man8/iptables-restore.8.gz
iptables-save	/usr/share/man/man8/iptables-save.8.gz
iptables	/usr/share/man/man8/iptables.8.gz
isadump	/usr/share/man/man8/isadump.8.gz
isaset	/usr/share/man/man8/isaset.8.gz
isosize	/usr/share/man/man8/isosize.8.gz
ispell-autobuildhash	/usr/share/man/man8/ispell-autobuildhash.8.gz
iucode_tool	/usr/share/man/man8/iucode_tool.8.gz
iw	/usr/share/man/man8/iw.8.gz
javacalls-bpfcc	/usr/share/man/man8/javacalls-bpfcc.8.gz
javaflow-bpfcc	/usr/share/man/man8/javaflow-bpfcc.8.gz
javagc-bpfcc	/usr/share/man/man8/javagc-bpfcc.8.gz
javaobjnew-bpfcc	/usr/share/man/man8/javaobjnew-bpfcc.8.gz
javastat-bpfcc	/usr/share/man/man8/javastat-bpfcc.8.gz
javathreads-bpfcc	/usr/share/man/man8/javathreads-bpfcc.8.gz
kbdrate	/usr/share/man/man8/kbdrate.8.gz
kbuildsycoca6	/usr/share/man/man8/kbuildsycoca6.8.gz
kded6	/usr/share/man/man8/kded6.8.gz
kernel-install	/usr/share/man/man8/kernel-install.8.gz
killall5	/usr/share/man/man8/killall5.8.gz
killsnoop-bpfcc	/usr/share/man/man8/killsnoop-bpfcc.8.gz
killsnoop.bt	/usr/share/man/man8/killsnoop.bt.8.gz
klockstat-bpfcc	/usr/share/man/man8/klockstat-bpfcc.8.gz
kmod	/usr/share/man/man8/kmod.8.gz
ksnoop-bpfcc	/usr/share/man/man8/ksnoop-bpfcc.8.gz
kvmexit-bpfcc	/usr/share/man/man8/kvmexit-bpfcc.8.gz
ld.so	/usr/share/man/man8/ld.so.8.gz
ldattach	/usr/share/man/man8/ldattach.8.gz
ldconfig	/usr/share/man/man8/ldconfig.8.gz
llcstat-bpfcc	/usr/share/man/man8/llcstat-bpfcc.8.gz
lnstat	/usr/share/man/man8/lnstat.8.gz
loads.bt	/usr/share/man/man8/loads.bt.8.gz
loadunimap	/usr/share/man/man8/loadunimap.8.gz
local	/usr/share/man/man8/local.8.gz
locale-gen	/usr/share/man/man8/locale-gen.8.gz
logrotate	/usr/share/man/man8/logrotate.8.gz
logsave	/usr/share/man/man8/logsave.8.gz
losetup	/usr/share/man/man8/losetup.8.gz
lpadmin	/usr/share/man/man8/lpadmin.8.gz
lpc	/usr/share/man/man8/lpc.8.gz
lpinfo	/usr/share/man/man8/lpinfo.8.gz
lpmove	/usr/share/man/man8/lpmove.8.gz
lsblk	/usr/share/man/man8/lsblk.8.gz
lsinitramfs	/usr/share/man/man8/lsinitramfs.8.gz
lslocks	/usr/share/man/man8/lslocks.8.gz
lsmod	/usr/share/man/man8/lsmod.8.gz
lsns	/usr/share/man/man8/lsns.8.gz
lspci	/usr/share/man/man8/lspci.8.gz
lsusb	/usr/share/man/man8/lsusb.8.gz
luksformat	/usr/share/man/man8/luksformat.8.gz
make-ssl-cert	/usr/share/man/man8/make-ssl-cert.8.gz
mandb	/usr/share/man/man8/mandb.8.gz
mapscrn	/usr/share/man/man8/mapscrn.8.gz
master	/usr/share/man/man8/master.8.gz
mdflush-bpfcc	/usr/share/man/man8/mdflush-bpfcc.8.gz
mdflush.bt	/usr/share/man/man8/mdflush.bt.8.gz
memhog	/usr/share/man/man8/memhog.8.gz
memleak-bpfcc	/usr/share/man/man8/memleak-bpfcc.8.gz
migratepages	/usr/share/man/man8/migratepages.8.gz
migspeed	/usr/share/man/man8/migspeed.8.gz
mk_modmap	/usr/share/man/man8/mk_modmap.8.gz
mke2fs	/usr/share/man/man8/mke2fs.8.gz
mkfs	/usr/share/man/man8/mkfs.8.gz
mkfs.bfs	/usr/share/man/man8/mkfs.bfs.8.gz
mkfs.btrfs	/usr/share/man/man8/mkfs.btrfs.8.gz
mkfs.cramfs	/usr/share/man/man8/mkfs.cramfs.8.gz
mkfs.exfat	/usr/share/man/man8/mkfs.exfat.8.gz
mkfs.fat	/usr/share/man/man8/mkfs.fat.8.gz
mkfs.minix	/usr/share/man/man8/mkfs.minix.8.gz
mkfs.xfs	/usr/share/man/man8/mkfs.xfs.8.gz
mkhomedir_helper	/usr/share/man/man8/mkhomedir_helper.8.gz
mkinitramfs	/usr/share/man/man8/mkinitramfs.8.gz
mklost+found	/usr/share/man/man8/mklost+found.8.gz
mkntfs	/usr/share/man/man8/mkntfs.8.gz
mkswap	/usr/share/man/man8/mkswap.8.gz
modinfo	/usr/share/man/man8/modinfo.8.gz
modprobe	/usr/share/man/man8/modprobe.8.gz
mount.fuse3	/usr/share/man/man8/mount.fuse3.8.gz
mountsnoop-bpfcc	/usr/share/man/man8/mountsnoop-bpfcc.8.gz
mtr-packet	/usr/share/man/man8/mtr-packet.8.gz
mtr	/usr/share/man/man8/mtr.8.gz
mysqld_qslower-bpfcc	/usr/share/man/man8/mysqld_qslower-bpfcc.8.gz
naptime.bt	/usr/share/man/man8/naptime.bt.8.gz
netplan-apply	/usr/share/man/man8/netplan-apply.8.gz
netplan-dbus	/usr/share/man/man8/netplan-dbus.8.gz
netplan-generate	/usr/share/man/man8/netplan-generate.8.gz
netplan-get	/usr/share/man/man8/netplan-get.8.gz
netplan-info	/usr/share/man/man8/netplan-info.8.gz
netplan-ip	/usr/share/man/man8/netplan-ip.8.gz
netplan-rebind	/usr/share/man/man8/netplan-rebind.8.gz
netplan-set	/usr/share/man/man8/netplan-set.8.gz
netplan-status	/usr/share/man/man8/netplan-status.8.gz
netplan-try	/usr/share/man/man8/netplan-try.8.gz
netplan	/usr/share/man/man8/netplan.8.gz
netqtop-bpfcc	/usr/share/man/man8/netqtop-bpfcc.8.gz
netshaper	/usr/share/man/man8/netshaper.8.gz
networkd-dispatcher	/usr/share/man/man8/networkd-dispatcher.8.gz
newusers	/usr/share/man/man8/newusers.8.gz
nfnl_osf	/usr/share/man/man8/nfnl_osf.8.gz
nfsdist-bpfcc	/usr/share/man/man8/nfsdist-bpfcc.8.gz
nfsslower-bpfcc	/usr/share/man/man8/nfsslower-bpfcc.8.gz
nft	/usr/share/man/man8/nft.8.gz
nm-initrd-generator	/usr/share/man/man8/nm-initrd-generator.8.gz
nodegc-bpfcc	/usr/share/man/man8/nodegc-bpfcc.8.gz
nodestat-bpfcc	/usr/share/man/man8/nodestat-bpfcc.8.gz
nologin	/usr/share/man/man8/nologin.8.gz
nss-systemd	/usr/share/man/man8/nss-systemd.8.gz
ntfs-3g	/usr/share/man/man8/ntfs-3g.8.gz
ntfs-3g.probe	/usr/share/man/man8/ntfs-3g.probe.8.gz
ntfscat	/usr/share/man/man8/ntfscat.8.gz
ntfsclone	/usr/share/man/man8/ntfsclone.8.gz
ntfscluster	/usr/share/man/man8/ntfscluster.8.gz
ntfscmp	/usr/share/man/man8/ntfscmp.8.gz
ntfscp	/usr/share/man/man8/ntfscp.8.gz
ntfsdecrypt	/usr/share/man/man8/ntfsdecrypt.8.gz
ntfsfallocate	/usr/share/man/man8/ntfsfallocate.8.gz
ntfsfix	/usr/share/man/man8/ntfsfix.8.gz
ntfsinfo	/usr/share/man/man8/ntfsinfo.8.gz
ntfslabel	/usr/share/man/man8/ntfslabel.8.gz
ntfsls	/usr/share/man/man8/ntfsls.8.gz
ntfsprogs	/usr/share/man/man8/ntfsprogs.8.gz
ntfsrecover	/usr/share/man/man8/ntfsrecover.8.gz
ntfsresize	/usr/share/man/man8/ntfsresize.8.gz
ntfssecaudit	/usr/share/man/man8/ntfssecaudit.8.gz
ntfstruncate	/usr/share/man/man8/ntfstruncate.8.gz
ntfsundelete	/usr/share/man/man8/ntfsundelete.8.gz
ntfsusermap	/usr/share/man/man8/ntfsusermap.8.gz
ntfswipe	/usr/share/man/man8/ntfswipe.8.gz
numactl	/usr/share/man/man8/numactl.8.gz
numasched-bpfcc	/usr/share/man/man8/numasched-bpfcc.8.gz
numastat	/usr/share/man/man8/numastat.8.gz
offcputime-bpfcc	/usr/share/man/man8/offcputime-bpfcc.8.gz
offwaketime-bpfcc	/usr/share/man/man8/offwaketime-bpfcc.8.gz
oomkill-bpfcc	/usr/share/man/man8/oomkill-bpfcc.8.gz
oomkill.bt	/usr/share/man/man8/oomkill.bt.8.gz
opensnoop-bpfcc	/usr/share/man/man8/opensnoop-bpfcc.8.gz
opensnoop.bt	/usr/share/man/man8/opensnoop.bt.8.gz
openvpn	/usr/share/man/man8/openvpn.8.gz
oqmgr	/usr/share/man/man8/oqmgr.8.gz
ownership	/usr/share/man/man8/ownership.8.gz
pam-auth-update	/usr/share/man/man8/pam-auth-update.8.gz
pam_access	/usr/share/man/man8/pam_access.8.gz
pam_canonicalize_user	/usr/share/man/man8/pam_canonicalize_user.8.gz
pam_cap	/usr/share/man/man8/pam_cap.8.gz
pam_debug	/usr/share/man/man8/pam_debug.8.gz
pam_deny	/usr/share/man/man8/pam_deny.8.gz
pam_echo	/usr/share/man/man8/pam_echo.8.gz
pam_env	/usr/share/man/man8/pam_env.8.gz
pam_exec	/usr/share/man/man8/pam_exec.8.gz
pam_extrausers	/usr/share/man/man8/pam_extrausers.8.gz
pam_faildelay	/usr/share/man/man8/pam_faildelay.8.gz
pam_faillock	/usr/share/man/man8/pam_faillock.8.gz
pam_filter	/usr/share/man/man8/pam_filter.8.gz
pam_ftp	/usr/share/man/man8/pam_ftp.8.gz
pam_getenv	/usr/share/man/man8/pam_getenv.8.gz
pam_group	/usr/share/man/man8/pam_group.8.gz
pam_issue	/usr/share/man/man8/pam_issue.8.gz
pam_keyinit	/usr/share/man/man8/pam_keyinit.8.gz
pam_limits	/usr/share/man/man8/pam_limits.8.gz
pam_listfile	/usr/share/man/man8/pam_listfile.8.gz
pam_localuser	/usr/share/man/man8/pam_localuser.8.gz
pam_loginuid	/usr/share/man/man8/pam_loginuid.8.gz
pam_mail	/usr/share/man/man8/pam_mail.8.gz
pam_mkhomedir	/usr/share/man/man8/pam_mkhomedir.8.gz
pam_motd	/usr/share/man/man8/pam_motd.8.gz
pam_namespace	/usr/share/man/man8/pam_namespace.8.gz
pam_namespace_helper	/usr/share/man/man8/pam_namespace_helper.8.gz
pam_nologin	/usr/share/man/man8/pam_nologin.8.gz
pam_permit	/usr/share/man/man8/pam_permit.8.gz
pam_pwhistory	/usr/share/man/man8/pam_pwhistory.8.gz
pam_rhosts	/usr/share/man/man8/pam_rhosts.8.gz
pam_rootok	/usr/share/man/man8/pam_rootok.8.gz
pam_securetty	/usr/share/man/man8/pam_securetty.8.gz
pam_selinux	/usr/share/man/man8/pam_selinux.8.gz
pam_sepermit	/usr/share/man/man8/pam_sepermit.8.gz
pam_setquota	/usr/share/man/man8/pam_setquota.8.gz
pam_shells	/usr/share/man/man8/pam_shells.8.gz
pam_stress	/usr/share/man/man8/pam_stress.8.gz
pam_succeed_if	/usr/share/man/man8/pam_succeed_if.8.gz
pam_systemd	/usr/share/man/man8/pam_systemd.8.gz
pam_systemd_loadkey	/usr/share/man/man8/pam_systemd_loadkey.8.gz
pam_time	/usr/share/man/man8/pam_time.8.gz
pam_timestamp	/usr/share/man/man8/pam_timestamp.8.gz
pam_timestamp_check	/usr/share/man/man8/pam_timestamp_check.8.gz
pam_tty_audit	/usr/share/man/man8/pam_tty_audit.8.gz
pam_umask	/usr/share/man/man8/pam_umask.8.gz
pam_unix	/usr/share/man/man8/pam_unix.8.gz
pam_userdb	/usr/share/man/man8/pam_userdb.8.gz
pam_usertype	/usr/share/man/man8/pam_usertype.8.gz
pam_warn	/usr/share/man/man8/pam_warn.8.gz
pam_wheel	/usr/share/man/man8/pam_wheel.8.gz
pam_xauth	/usr/share/man/man8/pam_xauth.8.gz
paperconfig	/usr/share/man/man8/paperconfig.8.gz
parted	/usr/share/man/man8/parted.8.gz
partprobe	/usr/share/man/man8/partprobe.8.gz
partx	/usr/share/man/man8/partx.8.gz
pccardctl	/usr/share/man/man8/pccardctl.8.gz
pcilmr	/usr/share/man/man8/pcilmr.8.gz
perlcalls-bpfcc	/usr/share/man/man8/perlcalls-bpfcc.8.gz
perlflow-bpfcc	/usr/share/man/man8/perlflow-bpfcc.8.gz
perlstat-bpfcc	/usr/share/man/man8/perlstat-bpfcc.8.gz
phpcalls-bpfcc	/usr/share/man/man8/phpcalls-bpfcc.8.gz
phpflow-bpfcc	/usr/share/man/man8/phpflow-bpfcc.8.gz
phpstat-bpfcc	/usr/share/man/man8/phpstat-bpfcc.8.gz
pickup	/usr/share/man/man8/pickup.8.gz
pidpersec-bpfcc	/usr/share/man/man8/pidpersec-bpfcc.8.gz
pidpersec.bt	/usr/share/man/man8/pidpersec.bt.8.gz
ping	/usr/share/man/man8/ping.8.gz
pipe	/usr/share/man/man8/pipe.8.gz
pivot_root	/usr/share/man/man8/pivot_root.8.gz
pkcs11-helper-1	/usr/share/man/man8/pkcs11-helper-1.8.gz
plymouthd	/usr/share/man/man8/plymouthd.8.gz
polkit	/usr/share/man/man8/polkit.8.gz
polkitd	/usr/share/man/man8/polkitd.8.gz
postfix-add-filter	/usr/share/man/man8/postfix-add-filter.8.gz
postfix-add-policy	/usr/share/man/man8/postfix-add-policy.8.gz
postlogd	/usr/share/man/man8/postlogd.8.gz
postscreen	/usr/share/man/man8/postscreen.8.gz
poweroff	/usr/share/man/man8/poweroff.8.gz
ppchcalls-bpfcc	/usr/share/man/man8/ppchcalls-bpfcc.8.gz
pppd-radattr	/usr/share/man/man8/pppd-radattr.8.gz
pppd-radius	/usr/share/man/man8/pppd-radius.8.gz
pppd	/usr/share/man/man8/pppd.8.gz
pppdump	/usr/share/man/man8/pppdump.8.gz
pppoe-discovery	/usr/share/man/man8/pppoe-discovery.8.gz
pppstats	/usr/share/man/man8/pppstats.8.gz
pptp	/usr/share/man/man8/pptp.8.gz
pptpsetup	/usr/share/man/man8/pptpsetup.8.gz
profile-bpfcc	/usr/share/man/man8/profile-bpfcc.8.gz
proxy	/usr/share/man/man8/proxy.8.gz
proxymap	/usr/share/man/man8/proxymap.8.gz
pwck	/usr/share/man/man8/pwck.8.gz
pwconv	/usr/share/man/man8/pwconv.8.gz
pwhistory_helper	/usr/share/man/man8/pwhistory_helper.8.gz
pythoncalls-bpfcc	/usr/share/man/man8/pythoncalls-bpfcc.8.gz
pythonflow-bpfcc	/usr/share/man/man8/pythonflow-bpfcc.8.gz
pythongc-bpfcc	/usr/share/man/man8/pythongc-bpfcc.8.gz
pythonstat-bpfcc	/usr/share/man/man8/pythonstat-bpfcc.8.gz
qmgr	/usr/share/man/man8/qmgr.8.gz
qmqpd	/usr/share/man/man8/qmqpd.8.gz
rdma-dev	/usr/share/man/man8/rdma-dev.8.gz
rdma-link	/usr/share/man/man8/rdma-link.8.gz
rdma-monitor	/usr/share/man/man8/rdma-monitor.8.gz
rdma-resource	/usr/share/man/man8/rdma-resource.8.gz
rdma-statistic	/usr/share/man/man8/rdma-statistic.8.gz
rdma-system	/usr/share/man/man8/rdma-system.8.gz
rdma	/usr/share/man/man8/rdma.8.gz
rdmaucma-bpfcc	/usr/share/man/man8/rdmaucma-bpfcc.8.gz
readahead-bpfcc	/usr/share/man/man8/readahead-bpfcc.8.gz
readprofile	/usr/share/man/man8/readprofile.8.gz
redshift-qt	/usr/share/man/man8/redshift-qt.8.gz
remove-default-ispell	/usr/share/man/man8/remove-default-ispell.8.gz
remove-default-wordlist	/usr/share/man/man8/remove-default-wordlist.8.gz
remove-shell	/usr/share/man/man8/remove-shell.8.gz
reset-trace-bpfcc	/usr/share/man/man8/reset-trace-bpfcc.8.gz
resize2fs	/usr/share/man/man8/resize2fs.8.gz
resizecons	/usr/share/man/man8/resizecons.8.gz
resizepart	/usr/share/man/man8/resizepart.8.gz
rfkill	/usr/share/man/man8/rfkill.8.gz
rmail	/usr/share/man/man8/rmail.8.gz
rmmod	/usr/share/man/man8/rmmod.8.gz
rmt-tar	/usr/share/man/man8/rmt-tar.8.gz
routel	/usr/share/man/man8/routel.8.gz
rsyslogd	/usr/share/man/man8/rsyslogd.8.gz
rtacct	/usr/share/man/man8/rtacct.8.gz
rtcwake	/usr/share/man/man8/rtcwake.8.gz
rtkitctl	/usr/share/man/man8/rtkitctl.8.gz
rtmon	/usr/share/man/man8/rtmon.8.gz
rubycalls-bpfcc	/usr/share/man/man8/rubycalls-bpfcc.8.gz
rubyflow-bpfcc	/usr/share/man/man8/rubyflow-bpfcc.8.gz
rubygc-bpfcc	/usr/share/man/man8/rubygc-bpfcc.8.gz
rubyobjnew-bpfcc	/usr/share/man/man8/rubyobjnew-bpfcc.8.gz
rubystat-bpfcc	/usr/share/man/man8/rubystat-bpfcc.8.gz
run-parts	/usr/share/man/man8/run-parts.8.gz
runc-checkpoint	/usr/share/man/man8/runc-checkpoint.8.gz
runc-create	/usr/share/man/man8/runc-create.8.gz
runc-delete	/usr/share/man/man8/runc-delete.8.gz
runc-events	/usr/share/man/man8/runc-events.8.gz
runc-exec	/usr/share/man/man8/runc-exec.8.gz
runc-kill	/usr/share/man/man8/runc-kill.8.gz
runc-list	/usr/share/man/man8/runc-list.8.gz
runc-pause	/usr/share/man/man8/runc-pause.8.gz
runc-ps	/usr/share/man/man8/runc-ps.8.gz
runc-restore	/usr/share/man/man8/runc-restore.8.gz
runc-resume	/usr/share/man/man8/runc-resume.8.gz
runc-run	/usr/share/man/man8/runc-run.8.gz
runc-spec	/usr/share/man/man8/runc-spec.8.gz
runc-start	/usr/share/man/man8/runc-start.8.gz
runc-state	/usr/share/man/man8/runc-state.8.gz
runc-update	/usr/share/man/man8/runc-update.8.gz
runc	/usr/share/man/man8/runc.8.gz
runqlat-bpfcc	/usr/share/man/man8/runqlat-bpfcc.8.gz
runqlat.bt	/usr/share/man/man8/runqlat.bt.8.gz
runqlen-bpfcc	/usr/share/man/man8/runqlen-bpfcc.8.gz
runqlen.bt	/usr/share/man/man8/runqlen.bt.8.gz
runqslower-bpfcc	/usr/share/man/man8/runqslower-bpfcc.8.gz
sa1	/usr/share/man/man8/sa1.8.gz
sa2	/usr/share/man/man8/sa2.8.gz
sadc	/usr/share/man/man8/sadc.8.gz
saned	/usr/share/man/man8/saned.8.gz
savelog	/usr/share/man/man8/savelog.8.gz
scache	/usr/share/man/man8/scache.8.gz
select-default-ispell	/usr/share/man/man8/select-default-ispell.8.gz
select-default-wordlist	/usr/share/man/man8/select-default-wordlist.8.gz
sensors-conf-convert	/usr/share/man/man8/sensors-conf-convert.8.gz
sensors-detect	/usr/share/man/man8/sensors-detect.8.gz
service	/usr/share/man/man8/service.8.gz
setarch	/usr/share/man/man8/setarch.8.gz
setfont	/usr/share/man/man8/setfont.8.gz
setkeycodes	/usr/share/man/man8/setkeycodes.8.gz
setlogcons	/usr/share/man/man8/setlogcons.8.gz
setpci	/usr/share/man/man8/setpci.8.gz
setuids.bt	/usr/share/man/man8/setuids.bt.8.gz
setvesablank	/usr/share/man/man8/setvesablank.8.gz
sfdisk	/usr/share/man/man8/sfdisk.8.gz
sftp-server	/usr/share/man/man8/sftp-server.8.gz
sgdisk	/usr/share/man/man8/sgdisk.8.gz
shadowconfig	/usr/share/man/man8/shadowconfig.8.gz
shmsnoop-bpfcc	/usr/share/man/man8/shmsnoop-bpfcc.8.gz
showconsolefont	/usr/share/man/man8/showconsolefont.8.gz
showq	/usr/share/man/man8/showq.8.gz
shutdown	/usr/share/man/man8/shutdown.8.gz
slabratetop-bpfcc	/usr/share/man/man8/slabratetop-bpfcc.8.gz
sln	/usr/share/man/man8/sln.8.gz
smtp	/usr/share/man/man8/smtp.8.gz
smtpd	/usr/share/man/man8/smtpd.8.gz
snap-confine	/usr/share/man/man8/snap-confine.8.gz
snap-discard-ns	/usr/share/man/man8/snap-discard-ns.8.gz
snap	/usr/share/man/man8/snap.8.gz
snapd-env-generator	/usr/share/man/man8/snapd-env-generator.8.gz
sofdsnoop-bpfcc	/usr/share/man/man8/sofdsnoop-bpfcc.8.gz
softirqs-bpfcc	/usr/share/man/man8/softirqs-bpfcc.8.gz
solisten-bpfcc	/usr/share/man/man8/solisten-bpfcc.8.gz
spawn	/usr/share/man/man8/spawn.8.gz
spfdsnoop-bpfcc	/usr/share/man/man8/spfdsnoop-bpfcc.8.gz
ss	/usr/share/man/man8/ss.8.gz
ssh-keysign	/usr/share/man/man8/ssh-keysign.8.gz
ssh-pkcs11-helper	/usr/share/man/man8/ssh-pkcs11-helper.8.gz
ssh-sk-helper	/usr/share/man/man8/ssh-sk-helper.8.gz
sshd	/usr/share/man/man8/sshd.8.gz
ssllatency.bt	/usr/share/man/man8/ssllatency.bt.8.gz
sslsniff-bpfcc	/usr/share/man/man8/sslsniff-bpfcc.8.gz
sslsnoop.bt	/usr/share/man/man8/sslsnoop.bt.8.gz
stackcount-bpfcc	/usr/share/man/man8/stackcount-bpfcc.8.gz
start-stop-daemon	/usr/share/man/man8/start-stop-daemon.8.gz
statsnoop-bpfcc	/usr/share/man/man8/statsnoop-bpfcc.8.gz
statsnoop.bt	/usr/share/man/man8/statsnoop.bt.8.gz
sudo-rs	/usr/share/man/man8/sudo-rs.8.gz
sudo.ws	/usr/share/man/man8/sudo.ws.8.gz
sudo_logsrvd	/usr/share/man/man8/sudo_logsrvd.8.gz
sudo_sendlog.ws	/usr/share/man/man8/sudo_sendlog.ws.8.gz
sudoreplay.ws	/usr/share/man/man8/sudoreplay.ws.8.gz
sulogin	/usr/share/man/man8/sulogin.8.gz
swapin-bpfcc	/usr/share/man/man8/swapin-bpfcc.8.gz
swapin.bt	/usr/share/man/man8/swapin.bt.8.gz
swaplabel	/usr/share/man/man8/swaplabel.8.gz
swapon	/usr/share/man/man8/swapon.8.gz
switch_root	/usr/share/man/man8/switch_root.8.gz
syncsnoop-bpfcc	/usr/share/man/man8/syncsnoop-bpfcc.8.gz
syncsnoop.bt	/usr/share/man/man8/syncsnoop.bt.8.gz
syscount-bpfcc	/usr/share/man/man8/syscount-bpfcc.8.gz
syscount.bt	/usr/share/man/man8/syscount.bt.8.gz
sysctl	/usr/share/man/man8/sysctl.8.gz
systemd-ask-password-console.service	/usr/share/man/man8/systemd-ask-password-console.service.8.gz
systemd-backlight@.service	/usr/share/man/man8/systemd-backlight@.service.8.gz
systemd-battery-check.service	/usr/share/man/man8/systemd-battery-check.service.8.gz
systemd-binfmt.service	/usr/share/man/man8/systemd-binfmt.service.8.gz
systemd-boot-check-no-failures.service	/usr/share/man/man8/systemd-boot-check-no-failures.service.8.gz
systemd-bsod.service	/usr/share/man/man8/systemd-bsod.service.8.gz
systemd-cryptsetup-generator	/usr/share/man/man8/systemd-cryptsetup-generator.8.gz
systemd-cryptsetup	/usr/share/man/man8/systemd-cryptsetup.8.gz
systemd-debug-generator	/usr/share/man/man8/systemd-debug-generator.8.gz
systemd-environment-d-generator	/usr/share/man/man8/systemd-environment-d-generator.8.gz
systemd-factory-reset-generator	/usr/share/man/man8/systemd-factory-reset-generator.8.gz
systemd-factory-reset	/usr/share/man/man8/systemd-factory-reset.8.gz
systemd-fsck@.service	/usr/share/man/man8/systemd-fsck@.service.8.gz
systemd-fstab-generator	/usr/share/man/man8/systemd-fstab-generator.8.gz
systemd-getty-generator	/usr/share/man/man8/systemd-getty-generator.8.gz
systemd-gpt-auto-generator	/usr/share/man/man8/systemd-gpt-auto-generator.8.gz
systemd-hibernate-resume-generator	/usr/share/man/man8/systemd-hibernate-resume-generator.8.gz
systemd-hibernate-resume.service	/usr/share/man/man8/systemd-hibernate-resume.service.8.gz
systemd-hostnamed.service	/usr/share/man/man8/systemd-hostnamed.service.8.gz
systemd-hwdb	/usr/share/man/man8/systemd-hwdb.8.gz
systemd-integritysetup-generator	/usr/share/man/man8/systemd-integritysetup-generator.8.gz
systemd-integritysetup@.service	/usr/share/man/man8/systemd-integritysetup@.service.8.gz
systemd-journald.service	/usr/share/man/man8/systemd-journald.service.8.gz
systemd-localed.service	/usr/share/man/man8/systemd-localed.service.8.gz
systemd-logind.service	/usr/share/man/man8/systemd-logind.service.8.gz
systemd-loop@.service	/usr/share/man/man8/systemd-loop@.service.8.gz
systemd-machine-id-commit.service	/usr/share/man/man8/systemd-machine-id-commit.service.8.gz
systemd-makefs@.service	/usr/share/man/man8/systemd-makefs@.service.8.gz
systemd-modules-load.service	/usr/share/man/man8/systemd-modules-load.service.8.gz
systemd-network-generator.service	/usr/share/man/man8/systemd-network-generator.service.8.gz
systemd-networkd-wait-online.service	/usr/share/man/man8/systemd-networkd-wait-online.service.8.gz
systemd-networkd.service	/usr/share/man/man8/systemd-networkd.service.8.gz
systemd-pcrlock	/usr/share/man/man8/systemd-pcrlock.8.gz
systemd-pcrphase.service	/usr/share/man/man8/systemd-pcrphase.service.8.gz
systemd-poweroff.service	/usr/share/man/man8/systemd-poweroff.service.8.gz
systemd-pstore.service	/usr/share/man/man8/systemd-pstore.service.8.gz
systemd-quotacheck@.service	/usr/share/man/man8/systemd-quotacheck@.service.8.gz
systemd-random-seed.service	/usr/share/man/man8/systemd-random-seed.service.8.gz
systemd-rc-local-generator	/usr/share/man/man8/systemd-rc-local-generator.8.gz
systemd-remount-fs.service	/usr/share/man/man8/systemd-remount-fs.service.8.gz
systemd-resolved.service	/usr/share/man/man8/systemd-resolved.service.8.gz
systemd-rfkill.service	/usr/share/man/man8/systemd-rfkill.service.8.gz
systemd-run-generator	/usr/share/man/man8/systemd-run-generator.8.gz
systemd-socket-proxyd	/usr/share/man/man8/systemd-socket-proxyd.8.gz
systemd-soft-reboot.service	/usr/share/man/man8/systemd-soft-reboot.service.8.gz
systemd-ssh-generator	/usr/share/man/man8/systemd-ssh-generator.8.gz
systemd-storagetm.service	/usr/share/man/man8/systemd-storagetm.service.8.gz
systemd-suspend.service	/usr/share/man/man8/systemd-suspend.service.8.gz
systemd-sysctl.service	/usr/share/man/man8/systemd-sysctl.service.8.gz
systemd-sysext	/usr/share/man/man8/systemd-sysext.8.gz
systemd-system-update-generator	/usr/share/man/man8/systemd-system-update-generator.8.gz
systemd-sysusers	/usr/share/man/man8/systemd-sysusers.8.gz
systemd-sysv-generator	/usr/share/man/man8/systemd-sysv-generator.8.gz
systemd-timedated.service	/usr/share/man/man8/systemd-timedated.service.8.gz
systemd-tmpfiles	/usr/share/man/man8/systemd-tmpfiles.8.gz
systemd-tpm2-clear.service	/usr/share/man/man8/systemd-tpm2-clear.service.8.gz
systemd-tpm2-generator	/usr/share/man/man8/systemd-tpm2-generator.8.gz
systemd-tpm2-setup.service	/usr/share/man/man8/systemd-tpm2-setup.service.8.gz
systemd-udev-settle.service	/usr/share/man/man8/systemd-udev-settle.service.8.gz
systemd-udevd.service	/usr/share/man/man8/systemd-udevd.service.8.gz
systemd-update-done.service	/usr/share/man/man8/systemd-update-done.service.8.gz
systemd-user-sessions.service	/usr/share/man/man8/systemd-user-sessions.service.8.gz
systemd-validatefs@.service	/usr/share/man/man8/systemd-validatefs@.service.8.gz
systemd-veritysetup-generator	/usr/share/man/man8/systemd-veritysetup-generator.8.gz
systemd-veritysetup@.service	/usr/share/man/man8/systemd-veritysetup@.service.8.gz
systemd-volatile-root.service	/usr/share/man/man8/systemd-volatile-root.service.8.gz
systemd-xdg-autostart-generator	/usr/share/man/man8/systemd-xdg-autostart-generator.8.gz
tc-actions	/usr/share/man/man8/tc-actions.8.gz
tc-basic	/usr/share/man/man8/tc-basic.8.gz
tc-bfifo	/usr/share/man/man8/tc-bfifo.8.gz
tc-bpf	/usr/share/man/man8/tc-bpf.8.gz
tc-cake	/usr/share/man/man8/tc-cake.8.gz
tc-cbs	/usr/share/man/man8/tc-cbs.8.gz
tc-cgroup	/usr/share/man/man8/tc-cgroup.8.gz
tc-choke	/usr/share/man/man8/tc-choke.8.gz
tc-codel	/usr/share/man/man8/tc-codel.8.gz
tc-connmark	/usr/share/man/man8/tc-connmark.8.gz
tc-csum	/usr/share/man/man8/tc-csum.8.gz
tc-ct	/usr/share/man/man8/tc-ct.8.gz
tc-ctinfo	/usr/share/man/man8/tc-ctinfo.8.gz
tc-drr	/usr/share/man/man8/tc-drr.8.gz
tc-dualpi2	/usr/share/man/man8/tc-dualpi2.8.gz
tc-ematch	/usr/share/man/man8/tc-ematch.8.gz
tc-etf	/usr/share/man/man8/tc-etf.8.gz
tc-ets	/usr/share/man/man8/tc-ets.8.gz
tc-flow	/usr/share/man/man8/tc-flow.8.gz
tc-flower	/usr/share/man/man8/tc-flower.8.gz
tc-fq	/usr/share/man/man8/tc-fq.8.gz
tc-fq_codel	/usr/share/man/man8/tc-fq_codel.8.gz
tc-fq_pie	/usr/share/man/man8/tc-fq_pie.8.gz
tc-fw	/usr/share/man/man8/tc-fw.8.gz
tc-gact	/usr/share/man/man8/tc-gact.8.gz
tc-gate	/usr/share/man/man8/tc-gate.8.gz
tc-hfsc	/usr/share/man/man8/tc-hfsc.8.gz
tc-htb	/usr/share/man/man8/tc-htb.8.gz
tc-ife	/usr/share/man/man8/tc-ife.8.gz
tc-matchall	/usr/share/man/man8/tc-matchall.8.gz
tc-mirred	/usr/share/man/man8/tc-mirred.8.gz
tc-mpls	/usr/share/man/man8/tc-mpls.8.gz
tc-mqprio	/usr/share/man/man8/tc-mqprio.8.gz
tc-nat	/usr/share/man/man8/tc-nat.8.gz
tc-netem	/usr/share/man/man8/tc-netem.8.gz
tc-pedit	/usr/share/man/man8/tc-pedit.8.gz
tc-pfifo_fast	/usr/share/man/man8/tc-pfifo_fast.8.gz
tc-pie	/usr/share/man/man8/tc-pie.8.gz
tc-police	/usr/share/man/man8/tc-police.8.gz
tc-prio	/usr/share/man/man8/tc-prio.8.gz
tc-red	/usr/share/man/man8/tc-red.8.gz
tc-route	/usr/share/man/man8/tc-route.8.gz
tc-sample	/usr/share/man/man8/tc-sample.8.gz
tc-sfb	/usr/share/man/man8/tc-sfb.8.gz
tc-sfq	/usr/share/man/man8/tc-sfq.8.gz
tc-simple	/usr/share/man/man8/tc-simple.8.gz
tc-skbedit	/usr/share/man/man8/tc-skbedit.8.gz
tc-skbmod	/usr/share/man/man8/tc-skbmod.8.gz
tc-skbprio	/usr/share/man/man8/tc-skbprio.8.gz
tc-stab	/usr/share/man/man8/tc-stab.8.gz
tc-taprio	/usr/share/man/man8/tc-taprio.8.gz
tc-tbf	/usr/share/man/man8/tc-tbf.8.gz
tc-tunnel_key	/usr/share/man/man8/tc-tunnel_key.8.gz
tc-u32	/usr/share/man/man8/tc-u32.8.gz
tc-vlan	/usr/share/man/man8/tc-vlan.8.gz
tc	/usr/share/man/man8/tc.8.gz
tclcalls-bpfcc	/usr/share/man/man8/tclcalls-bpfcc.8.gz
tclflow-bpfcc	/usr/share/man/man8/tclflow-bpfcc.8.gz
tclobjnew-bpfcc	/usr/share/man/man8/tclobjnew-bpfcc.8.gz
tclstat-bpfcc	/usr/share/man/man8/tclstat-bpfcc.8.gz
tcpaccept-bpfcc	/usr/share/man/man8/tcpaccept-bpfcc.8.gz
tcpaccept.bt	/usr/share/man/man8/tcpaccept.bt.8.gz
tcpcong-bpfcc	/usr/share/man/man8/tcpcong-bpfcc.8.gz
tcpconnect-bpfcc	/usr/share/man/man8/tcpconnect-bpfcc.8.gz
tcpconnect.bt	/usr/share/man/man8/tcpconnect.bt.8.gz
tcpconnlat-bpfcc	/usr/share/man/man8/tcpconnlat-bpfcc.8.gz
tcpdrop-bpfcc	/usr/share/man/man8/tcpdrop-bpfcc.8.gz
tcpdrop.bt	/usr/share/man/man8/tcpdrop.bt.8.gz
tcpdump	/usr/share/man/man8/tcpdump.8.gz
tcplife-bpfcc	/usr/share/man/man8/tcplife-bpfcc.8.gz
tcplife.bt	/usr/share/man/man8/tcplife.bt.8.gz
tcpretrans-bpfcc	/usr/share/man/man8/tcpretrans-bpfcc.8.gz
tcpretrans.bt	/usr/share/man/man8/tcpretrans.bt.8.gz
tcprtt-bpfcc	/usr/share/man/man8/tcprtt-bpfcc.8.gz
tcpstates-bpfcc	/usr/share/man/man8/tcpstates-bpfcc.8.gz
tcpsubnet-bpfcc	/usr/share/man/man8/tcpsubnet-bpfcc.8.gz
tcpsynbl-bpfcc	/usr/share/man/man8/tcpsynbl-bpfcc.8.gz
tcpsynbl.bt	/usr/share/man/man8/tcpsynbl.bt.8.gz
tcptop-bpfcc	/usr/share/man/man8/tcptop-bpfcc.8.gz
tcptracer-bpfcc	/usr/share/man/man8/tcptracer-bpfcc.8.gz
thermald	/usr/share/man/man8/thermald.8.gz
threadsnoop-bpfcc	/usr/share/man/man8/threadsnoop-bpfcc.8.gz
threadsnoop.bt	/usr/share/man/man8/threadsnoop.bt.8.gz
tipc-bearer	/usr/share/man/man8/tipc-bearer.8.gz
tipc-link	/usr/share/man/man8/tipc-link.8.gz
tipc-media	/usr/share/man/man8/tipc-media.8.gz
tipc-nametable	/usr/share/man/man8/tipc-nametable.8.gz
tipc-node	/usr/share/man/man8/tipc-node.8.gz
tipc-peer	/usr/share/man/man8/tipc-peer.8.gz
tipc-socket	/usr/share/man/man8/tipc-socket.8.gz
tipc	/usr/share/man/man8/tipc.8.gz
tlsmgr	/usr/share/man/man8/tlsmgr.8.gz
tlsproxy	/usr/share/man/man8/tlsproxy.8.gz
tplist-bpfcc	/usr/share/man/man8/tplist-bpfcc.8.gz
trace-bpfcc	/usr/share/man/man8/trace-bpfcc.8.gz
tracepath	/usr/share/man/man8/tracepath.8.gz
trivial-rewrite	/usr/share/man/man8/trivial-rewrite.8.gz
ttysnoop-bpfcc	/usr/share/man/man8/ttysnoop-bpfcc.8.gz
tune.exfat	/usr/share/man/man8/tune.exfat.8.gz
tune2fs	/usr/share/man/man8/tune2fs.8.gz
turbostat	/usr/share/man/man8/turbostat.8.gz
ucalls	/usr/share/man/man8/ucalls.8.gz
udevadm	/usr/share/man/man8/udevadm.8.gz
udisks	/usr/share/man/man8/udisks.8.gz
udisksd	/usr/share/man/man8/udisksd.8.gz
uflow	/usr/share/man/man8/uflow.8.gz
ufw-framework	/usr/share/man/man8/ufw-framework.8.gz
ufw	/usr/share/man/man8/ufw.8.gz
ugc	/usr/share/man/man8/ugc.8.gz
umount.udisks2	/usr/share/man/man8/umount.udisks2.8.gz
unattended-upgrade	/usr/share/man/man8/unattended-upgrade.8.gz
undump.bt	/usr/share/man/man8/undump.bt.8.gz
unix_chkpwd	/usr/share/man/man8/unix_chkpwd.8.gz
unix_update	/usr/share/man/man8/unix_update.8.gz
unmkinitramfs	/usr/share/man/man8/unmkinitramfs.8.gz
uobjnew	/usr/share/man/man8/uobjnew.8.gz
update-ca-certificates	/usr/share/man/man8/update-ca-certificates.8.gz
update-catalog	/usr/share/man/man8/update-catalog.8.gz
update-default-ispell	/usr/share/man/man8/update-default-ispell.8.gz
update-default-wordlist	/usr/share/man/man8/update-default-wordlist.8.gz
update-dictcommon-aspell	/usr/share/man/man8/update-dictcommon-aspell.8.gz
update-dictcommon-hunspell	/usr/share/man/man8/update-dictcommon-hunspell.8.gz
update-fonts-alias	/usr/share/man/man8/update-fonts-alias.8.gz
update-fonts-dir	/usr/share/man/man8/update-fonts-dir.8.gz
update-fonts-scale	/usr/share/man/man8/update-fonts-scale.8.gz
update-grub-gfxpayload	/usr/share/man/man8/update-grub-gfxpayload.8.gz
update-grub	/usr/share/man/man8/update-grub.8.gz
update-icon-caches	/usr/share/man/man8/update-icon-caches.8.gz
update-ieee-data	/usr/share/man/man8/update-ieee-data.8.gz
update-inetd	/usr/share/man/man8/update-inetd.8.gz
update-info-dir	/usr/share/man/man8/update-info-dir.8.gz
update-initramfs	/usr/share/man/man8/update-initramfs.8.gz
update-language	/usr/share/man/man8/update-language.8.gz
update-locale	/usr/share/man/man8/update-locale.8.gz
update-passwd	/usr/share/man/man8/update-passwd.8.gz
update-pciids	/usr/share/man/man8/update-pciids.8.gz
update-perl-sax-parsers	/usr/share/man/man8/update-perl-sax-parsers.8.gz
update-rc.d	/usr/share/man/man8/update-rc.d.8.gz
update-shells	/usr/share/man/man8/update-shells.8.gz
update-texmf-config	/usr/share/man/man8/update-texmf-config.8.gz
update-texmf	/usr/share/man/man8/update-texmf.8.gz
update-tl-stacked-conffile	/usr/share/man/man8/update-tl-stacked-conffile.8.gz
update-xmlcatalog	/usr/share/man/man8/update-xmlcatalog.8.gz
upowerd	/usr/share/man/man8/upowerd.8.gz
usb-creator-kde	/usr/share/man/man8/usb-creator-kde.8.gz
usbhid-dump	/usr/share/man/man8/usbhid-dump.8.gz
usbip	/usr/share/man/man8/usbip.8.gz
usbipd	/usr/share/man/man8/usbipd.8.gz
usbmuxd	/usr/share/man/man8/usbmuxd.8.gz
useradd	/usr/share/man/man8/useradd.8.gz
userdel	/usr/share/man/man8/userdel.8.gz
usermod	/usr/share/man/man8/usermod.8.gz
ustat	/usr/share/man/man8/ustat.8.gz
uthreads	/usr/share/man/man8/uthreads.8.gz
uuidd	/usr/share/man/man8/uuidd.8.gz
validlocale	/usr/share/man/man8/validlocale.8.gz
vcstime	/usr/share/man/man8/vcstime.8.gz
vdpa-dev	/usr/share/man/man8/vdpa-dev.8.gz
vdpa-mgmtdev	/usr/share/man/man8/vdpa-mgmtdev.8.gz
vdpa	/usr/share/man/man8/vdpa.8.gz
verify	/usr/share/man/man8/verify.8.gz
veritysetup	/usr/share/man/man8/veritysetup.8.gz
vfscount-bpfcc	/usr/share/man/man8/vfscount-bpfcc.8.gz
vfscount.bt	/usr/share/man/man8/vfscount.bt.8.gz
vfsstat-bpfcc	/usr/share/man/man8/vfsstat-bpfcc.8.gz
vfsstat.bt	/usr/share/man/man8/vfsstat.bt.8.gz
vipw	/usr/share/man/man8/vipw.8.gz
virtiostat-bpfcc	/usr/share/man/man8/virtiostat-bpfcc.8.gz
virtual	/usr/share/man/man8/virtual.8.gz
visudo-rs	/usr/share/man/man8/visudo-rs.8.gz
visudo.ws	/usr/share/man/man8/visudo.ws.8.gz
vmstat	/usr/share/man/man8/vmstat.8.gz
vpddecode	/usr/share/man/man8/vpddecode.8.gz
wakeuptime-bpfcc	/usr/share/man/man8/wakeuptime-bpfcc.8.gz
wdctl	/usr/share/man/man8/wdctl.8.gz
wipefs	/usr/share/man/man8/wipefs.8.gz
wpa_action	/usr/share/man/man8/wpa_action.8.gz
wpa_background	/usr/share/man/man8/wpa_background.8.gz
wpa_cli	/usr/share/man/man8/wpa_cli.8.gz
wpa_passphrase	/usr/share/man/man8/wpa_passphrase.8.gz
wpa_supplicant	/usr/share/man/man8/wpa_supplicant.8.gz
wqlat-bpfcc	/usr/share/man/man8/wqlat-bpfcc.8.gz
writeback.bt	/usr/share/man/man8/writeback.bt.8.gz
x86_energy_perf_policy	/usr/share/man/man8/x86_energy_perf_policy.8.gz
xfs_admin	/usr/share/man/man8/xfs_admin.8.gz
xfs_bmap	/usr/share/man/man8/xfs_bmap.8.gz
xfs_copy	/usr/share/man/man8/xfs_copy.8.gz
xfs_db	/usr/share/man/man8/xfs_db.8.gz
xfs_estimate	/usr/share/man/man8/xfs_estimate.8.gz
xfs_freeze	/usr/share/man/man8/xfs_freeze.8.gz
xfs_fsr	/usr/share/man/man8/xfs_fsr.8.gz
xfs_growfs	/usr/share/man/man8/xfs_growfs.8.gz
xfs_info	/usr/share/man/man8/xfs_info.8.gz
xfs_io	/usr/share/man/man8/xfs_io.8.gz
xfs_logprint	/usr/share/man/man8/xfs_logprint.8.gz
xfs_mdrestore	/usr/share/man/man8/xfs_mdrestore.8.gz
xfs_metadump	/usr/share/man/man8/xfs_metadump.8.gz
xfs_mkfile	/usr/share/man/man8/xfs_mkfile.8.gz
xfs_ncheck	/usr/share/man/man8/xfs_ncheck.8.gz
xfs_property	/usr/share/man/man8/xfs_property.8.gz
xfs_protofile	/usr/share/man/man8/xfs_protofile.8.gz
xfs_quota	/usr/share/man/man8/xfs_quota.8.gz
xfs_repair	/usr/share/man/man8/xfs_repair.8.gz
xfs_rtcp	/usr/share/man/man8/xfs_rtcp.8.gz
xfs_scrub	/usr/share/man/man8/xfs_scrub.8.gz
xfs_scrub_all	/usr/share/man/man8/xfs_scrub_all.8.gz
xfs_spaceman	/usr/share/man/man8/xfs_spaceman.8.gz
xfsdist-bpfcc	/usr/share/man/man8/xfsdist-bpfcc.8.gz
xfsdist.bt	/usr/share/man/man8/xfsdist.bt.8.gz
xfsslower-bpfcc	/usr/share/man/man8/xfsslower-bpfcc.8.gz
xtables-legacy	/usr/share/man/man8/xtables-legacy.8.gz
xtables-monitor	/usr/share/man/man8/xtables-monitor.8.gz
xtables-nft	/usr/share/man/man8/xtables-nft.8.gz
xtables-translate	/usr/share/man/man8/xtables-translate.8.gz
zdump	/usr/share/man/man8/zdump.8.gz
zfsdist-bpfcc	/usr/share/man/man8/zfsdist-bpfcc.8.gz
zfsslower-bpfcc	/usr/share/man/man8/zfsslower-bpfcc.8.gz
zic	/usr/share/man/man8/zic.8.gz
zramctl	/usr/share/man/man8/zramctl.8.gz
